run_id,family,scenario,repeat,speed_mps,duration_sec,window_sec,cells,background,intensity,enabled
B1_BASE_001,benign,B1_BASE_001,1,3.0,300,1.0,1,low,off,False
B1_BASE_002,benign,B1_BASE_002,2,3.0,300,1.0,1,low,off,False
B1_BASE_003,benign,B1_BASE_003,3,3.0,300,1.0,1,low,off,False
B1_PILOT_001,benign,B1_PILOT_001,1,3.0,180,1.0,1,low,off,True
B2_HOVER_VIDEO_001,benign,B2_HOVER_VIDEO_001,1,0.0,180,1.0,1,low,off,False
B_CELLS_3_001,benign_sensitivity,B_CELLS_3_001,1,3.0,300,1.0,3,low,off,False
B_DRONES_3_001,benign_sensitivity,B_DRONES_3_001,1,3.0,300,1.0,2,low,off,False
B_DRONES_5_001,benign_sensitivity,B_DRONES_5_001,1,3.0,300,1.0,2,low,off,False
B_DURATION_10_001,benign_duration,B_DURATION_10_001,1,0.8,600,1.0,1,low,off,False
B_DURATION_20_001,benign_duration,B_DURATION_20_001,1,0.8,1200,1.0,1,low,off,False
B_DURATION_5_001,benign_duration,B_DURATION_5_001,1,0.8,300,1.0,1,low,off,False
B_LOAD_HIGH_001,benign,B_LOAD_HIGH_001,1,3.0,300,1.0,2,high,off,False
B_LOAD_LOW_001,benign,B_LOAD_LOW_001,1,3.0,300,1.0,2,low,off,False
B_LOAD_MEDIUM_001,benign,B_LOAD_MEDIUM_001,1,3.0,300,1.0,2,medium,off,False
B_SLICE_DUAL_001,benign_slice_profile,B_SLICE_DUAL_001,1,0.0,180,1.0,1,low,off,False
B_SLICE_TRIPLE_001,benign_slice_profile,B_SLICE_TRIPLE_001,1,0.0,180,1.0,1,low,off,False
B_SPEED_FAST_001,benign_sensitivity,B_SPEED_FAST_001,1,8.0,300,1.0,2,low,off,False
B_SPEED_SLOW_001,benign,B_SPEED_SLOW_001,1,1.0024191594460135,300,1.0,2,low,off,False
B_WINDOW_0P5_001,benign_sensitivity,B_WINDOW_0P5_001,1,3.0,300,0.5,1,low,off,False
B_WINDOW_5_001,benign_sensitivity,B_WINDOW_5_001,1,3.0,300,5.0,1,low,off,False
B_WIRELESS_EDGE_001,benign_sensitivity,B_WIRELESS_EDGE_001,1,3.0,300,1.0,2,low,off,False
B_WIRELESS_GOOD_001,benign_sensitivity,B_WIRELESS_GOOD_001,1,3.0,300,1.0,2,low,off,False
B_WIRELESS_MODERATE_001,benign_sensitivity,B_WIRELESS_MODERATE_001,1,3.0,300,1.0,2,low,off,False
M_API_HIGH_001,malicious,M_API_HIGH_001,1,3.0,300,1.0,2,low,high,False
M_API_LOW_001,malicious,M_API_LOW_001,1,3.0,300,1.0,2,low,low,False
M_CONTROL_HIGH_001,malicious,M_CONTROL_HIGH_001,1,3.0,300,1.0,2,low,high,False
M_CONTROL_LOW_001,malicious,M_CONTROL_LOW_001,1,3.0,300,1.0,2,low,low,False
M_DOS_30S_001,malicious,M_DOS_30S_001,1,3.0,300,1.0,2,low,high,False
M_DOS_90S_001,malicious,M_DOS_90S_001,1,3.0,300,1.0,2,low,high,False
M_DOS_HIGH_001,malicious,M_DOS_HIGH_001,1,3.0,300,1.0,2,low,high,False
M_DOS_LOW_001,malicious,M_DOS_LOW_001,1,3.0,300,1.0,2,low,low,False
M_DOS_REPEATED_001,malicious,M_DOS_REPEATED_001,1,3.0,300,1.0,2,low,high,False
M_IDENTITY_HIGH_001,malicious,M_IDENTITY_HIGH_001,1,3.0,300,1.0,2,low,high,False
M_IDENTITY_LOW_001,malicious,M_IDENTITY_LOW_001,1,3.0,300,1.0,2,low,low,False
M_LATERAL_HIGH_001,malicious,M_LATERAL_HIGH_001,1,3.0,300,1.0,2,low,high,False
M_LATERAL_LOW_001,malicious,M_LATERAL_LOW_001,1,3.0,300,1.0,2,low,low,False
M_SESSION_HIGH_001,malicious,M_SESSION_HIGH_001,1,3.0,300,1.0,2,low,high,False
M_SESSION_LOW_001,malicious,M_SESSION_LOW_001,1,3.0,300,1.0,2,low,low,False
S1_HANDOVER_LOSS_001,suspicious,S1_HANDOVER_LOSS_001,1,3.0,300,1.0,2,low,off,False
S1_HANDOVER_LOSS_002,suspicious,S1_HANDOVER_LOSS_002,2,3.0,300,1.0,2,low,off,False
S2_AUTH_001,suspicious,S2_AUTH_001,1,3.0,300,1.0,2,low,off,False
S2_AUTH_002,suspicious,S2_AUTH_002,2,3.0,300,1.0,2,low,off,False
S3_API_RETRY_001,suspicious,S3_API_RETRY_001,1,3.0,300,1.0,2,low,off,False
S3_API_RETRY_002,suspicious,S3_API_RETRY_002,2,3.0,300,1.0,2,low,off,False
S4_DROPOUT_001,suspicious,S4_DROPOUT_001,1,3.0,300,1.0,2,low,off,False
S4_DROPOUT_002,suspicious,S4_DROPOUT_002,2,3.0,300,1.0,2,low,off,False
