run_id,controlled_variable,configuration,rows,window_sec,mean_latency_ms,mean_jitter_ms,mean_packet_loss_rate,mean_retransmission_rate,mean_signal_quality_dbm,handover_events,final_handover_count,serving_cells
B1_BASE_003,reference,{},600,1.0,0.0002775999999999,3.6140072416183483e-22,0.0030000000000000005,0.00878820634650158,-74.15294612276767,0,0,gnb_1
B_SPEED_SLOW_001,reference,{},600,1.0,0.0002775999999999,3.6140072416183483e-22,0.0033333333333333305,0.0004403411636116027,-48.25103743374269,1,1,gnb_1|gnb_2
B_SPEED_FAST_001,fast,"{""seed"": 61, ""type"": ""fast""}",600,1.0,0.0002775999999999,3.6140072416183483e-22,0.0030000000000000005,0.000182940516273849,-51.52876006170213,1,1,gnb_1|gnb_2
B_WIRELESS_GOOD_001,wireless,"{""seed"": 71, ""type"": ""wireless"", ""ue_power"": 30}",600,1.0,0.0002775999999999,3.6140072416183483e-22,0.0030000000000000005,6.2893081761006e-05,-43.723509616055395,1,1,gnb_1|gnb_2
B_WIRELESS_MODERATE_001,wireless,"{""seed"": 71, ""type"": ""wireless"", ""ue_power"": 20}",600,1.0,0.0002775999999999,3.6140072416183483e-22,0.0030000000000000005,0.0016586264275771007,-58.19348299681124,1,1,gnb_1|gnb_2
B_WIRELESS_EDGE_001,wireless,"{""seed"": 71, ""type"": ""wireless"", ""ue_power"": 10}",600,1.0,0.0002775999999999,3.6140072416183483e-22,0.0030000000000000005,0.0037463193170970363,-64.69416986494116,1,1,gnb_1|gnb_2
B_DRONES_3_001,drones,"{""drones"": 3, ""seed"": 81, ""type"": ""drones""}",600,1.0,0.0002775999999999,3.6140072416183483e-22,0.0030000000000000005,0.0004333481566185954,-49.70912049725193,1,1,gnb_1|gnb_2
B_DRONES_5_001,drones,"{""drones"": 5, ""seed"": 82, ""type"": ""drones""}",600,1.0,0.0002775999999999,3.6140072416183483e-22,0.0030000000000000005,0.00012121212121212068,-40.98371093477411,1,1,gnb_1|gnb_2
B_CELLS_3_001,cells3,"{""seed"": 91, ""type"": ""cells3""}",600,1.0,0.0002775999999999,3.6140072416183483e-22,0.0030000000000000005,0.0,-38.925573305469364,2,2,gnb_1|gnb_2|gnb_3
B_WINDOW_0P5_001,aggregation_window_sec,{},1200,0.5,0.00027759999999990033,1.8070036208091742e-22,0.003,0.0087099121761869,-74.15288445932698,0,0,gnb_1
B_WINDOW_5_001,aggregation_window_sec,{},120,5.0,0.00027759999999989995,3.162256336416055e-20,0.0005354752342704133,0.008904763627942909,-74.15342737486192,0,0,gnb_1
