feature,source,mean,std,median,p95
packet_count,simulation_derived,32.524604966139954,84.93556557984883,2.0,50.0
packet_count,synthetic_reference,17548.5513,95802.28385120303,2285.0,20140.949999999957
byte_count,simulation_derived,10369.97742663657,85353.09849485314,512.0,3800.0
byte_count,synthetic_reference,12746172.0102,77496554.74528617,1385909.0,15648059.199999992
packets_per_second,simulation_derived,32.524604966139954,84.93556557984883,2.0,50.0
packets_per_second,synthetic_reference,572.8293277999999,2685.122095291731,83.7795,594.02395
throughput_kbps,simulation_derived,82.95981941309253,682.8247879588251,4.096,30.4
throughput_kbps,synthetic_reference,3512.7561252000005,15860.838909832355,668.6524999999999,3970.7819999999997
latency_ms,simulation_derived,1.0604843329018414,3.5877290705064833,0.0004759999999999,14.0007276
latency_ms,synthetic_reference,78.2000348,81.929748850681,53.9305,217.8704
jitter_ms,simulation_derived,0.059546546885904314,0.39303603306644774,0.0,5.421010862427522e-20
jitter_ms,synthetic_reference,18.49225,31.141501850560307,9.663499999999999,69.8722499999999
packet_loss_rate,simulation_derived,0.002886192626034612,0.03817529475140063,0.0,0.02
packet_loss_rate,synthetic_reference,0.032180185,0.05511514546584947,0.01273,0.10524849999999987
retransmission_rate,simulation_derived,0.0010085493937431723,0.004957761885799219,0.0,0.0
retransmission_rate,synthetic_reference,0.016307636000000004,0.01623772238629339,0.01142,0.048110499999999994
connection_duration_sec,simulation_derived,141.3352144469526,88.80086353484634,138.0,284.0
connection_duration_sec,synthetic_reference,1792.1662,1034.8441988189056,1786.5,3418.0
signal_quality_dbm,simulation_derived,-46.40441336508389,14.68021299438818,-46.80185606042798,-19.291470210816986
signal_quality_dbm,synthetic_reference,-75.15660700000001,11.49198879298935,-75.26,-57.02
handover_count,simulation_derived,0.8414221218961625,0.8793200150334541,1.0,3.0
handover_count,synthetic_reference,0.1987,0.44343880501979044,0.0,1.0
api_request_count,simulation_derived,4.4116252821670425,60.01299199276136,0.0,0.0
api_request_count,synthetic_reference,52.2614,223.60147860012736,8.0,237.0
failed_connection_attempts,simulation_derived,4.487246049661399,60.01188959723305,0.0,0.0
failed_connection_attempts,synthetic_reference,12.336,35.64074817246446,1.0,93.0
anomaly_score,simulation_derived,0.06607370744920993,0.247761025451558,0.0,1.0
anomaly_score,synthetic_reference,0.13792158999999998,0.19419072412091512,0.0393,0.48020499999999994
