group,topic,hz,bw,peak_hz,peak_bw,modes,info,follow_pub_count,follow_pub_nodes,follow_sub_count,follow_sub_nodes,yolo_pub_count,yolo_pub_nodes,yolo_sub_count,yolo_sub_nodes,yolo_tracker_pub_count,yolo_tracker_pub_nodes,yolo_tracker_sub_count,yolo_tracker_sub_nodes,yolo_visual_bridge_pub_count,yolo_visual_bridge_pub_nodes,yolo_visual_bridge_sub_count,yolo_visual_bridge_sub_nodes,yolo_full_pub_count,yolo_full_pub_nodes,yolo_full_sub_count,yolo_full_sub_nodes,support_yolo_pub_count,support_yolo_pub_nodes,support_yolo_sub_count,support_yolo_sub_nodes
Follow and YOLO family,/a201_0000/sensors/camera_0/color/image,14.598,12.83 MB/s,-,-,"FOLLOW, YOLO",sensor_msgs/msg/Image,1,ugv_camera_0_rgb_bridge,0,-,1,ugv_camera_0_rgb_bridge,0,-,-,-,-,-,-,-,-,-,-,-,-,-,-,-,-,-
YOLO family only,/coord/leader_visual_control_debug_image,14.000,12.31 MB/s,14.000 (FULL),12.31 MB/s (FULL),"VISUAL BRIDGE, FULL",sensor_msgs/msg/Image,-,-,-,-,-,-,-,-,-,-,-,-,1,visual_follow_controller,0,-,1,visual_follow_controller,0,-,-,-,-,-
Follow and YOLO family,/a201_0000/sensors/lidar3d_0/points,16.191,12.10 MB/s,16.191 (VISUAL BRIDGE),12.10 MB/s (VISUAL BRIDGE),"FOLLOW, YOLO, TRACKER, VISUAL BRIDGE, FULL, SUPPORT YOLO",sensor_msgs/msg/PointCloud2,1,ugv_lidar3d_0_points_bridge,1,/a201_0000/pointcloud_to_laserscan,1,ugv_lidar3d_0_points_bridge,1,/a201_0000/pointcloud_to_laserscan,1,ugv_lidar3d_0_points_bridge,1,/a201_0000/pointcloud_to_laserscan,1,ugv_lidar3d_0_points_bridge,1,/a201_0000/pointcloud_to_laserscan,1,ugv_lidar3d_0_points_bridge,1,/a201_0000/pointcloud_to_laserscan,1,ugv_lidar3d_0_points_bridge,1,/a201_0000/pointcloud_to_laserscan
YOLO family only,/coord/leader_debug_image,12.793,11.24 MB/s,-,-,YOLO,sensor_msgs/msg/Image,-,-,-,-,1,leader_estimator,0,-,-,-,-,-,-,-,-,-,-,-,-,-,-,-,-,-
YOLO family only,/dji0/camera0/depth_image,7.196,8.43 MB/s,7.196 (VISUAL BRIDGE),8.43 MB/s (VISUAL BRIDGE),"YOLO, TRACKER, VISUAL BRIDGE, FULL, SUPPORT YOLO",sensor_msgs/msg/Image,-,-,-,-,1,uav_depth_bridge,1,leader_estimator,1,uav_depth_bridge,1,leader_estimator,1,uav_depth_bridge,1,leader_estimator,1,uav_depth_bridge,1,leader_estimator,1,uav_depth_bridge,1,leader_estimator
YOLO family only,/dji2/camera0/image_raw,7.798,6.85 MB/s,7.798 (SUPPORT YOLO),6.85 MB/s (SUPPORT YOLO),SUPPORT YOLO,sensor_msgs/msg/Image,-,-,-,-,-,-,-,-,-,-,-,-,-,-,-,-,-,-,-,-,1,/support_follow_spawn_dji2/uav_camera_bridge,1,support_dji2_leader_detector
YOLO family only,/dji1/camera0/image_raw,7.599,6.68 MB/s,7.599 (SUPPORT YOLO),6.68 MB/s (SUPPORT YOLO),SUPPORT YOLO,sensor_msgs/msg/Image,-,-,-,-,-,-,-,-,-,-,-,-,-,-,-,-,-,-,-,-,1,/support_follow_spawn_dji1/uav_camera_bridge,1,support_dji1_leader_detector
Follow and YOLO family,/dji0/camera0/image_raw,7.400,6.50 MB/s,7.400 (FULL),6.50 MB/s (FULL),"FOLLOW, YOLO, TRACKER, VISUAL BRIDGE, FULL, SUPPORT YOLO",sensor_msgs/msg/Image,1,uav_camera_bridge,0,-,1,uav_camera_bridge,2,"leader_detector, leader_estimator",1,uav_camera_bridge,2,"leader_tracker, leader_estimator",1,uav_camera_bridge,3,"leader_tracker, leader_estimator, +1",1,uav_camera_bridge,3,"leader_tracker, leader_estimator, +1",1,uav_camera_bridge,2,"leader_detector, leader_estimator"
Follow and YOLO family,/a201_0000/controller_manager/statistics/full,247.334,596.11 KB/s,247.334 (VISUAL BRIDGE),596.11 KB/s (VISUAL BRIDGE),"FOLLOW, YOLO, TRACKER, VISUAL BRIDGE, FULL, SUPPORT YOLO",pal_statistics_msgs/msg/Statistics,1,/a201_0000/controller_manager,0,-,1,/a201_0000/controller_manager,0,-,1,/a201_0000/controller_manager,0,-,1,/a201_0000/controller_manager,0,-,1,/a201_0000/controller_manager,0,-,1,/a201_0000/controller_manager,0,-
Follow and YOLO family,/a201_0000/particle_cloud,2.399,90.19 KB/s,2.399 (SUPPORT YOLO),90.19 KB/s (SUPPORT YOLO),"FOLLOW, YOLO, TRACKER, VISUAL BRIDGE, FULL, SUPPORT YOLO",nav2_msgs/msg/ParticleCloud,1,/a201_0000/amcl,0,-,1,/a201_0000/amcl,0,-,1,/a201_0000/amcl,0,-,1,/a201_0000/amcl,0,-,1,/a201_0000/amcl,0,-,1,/a201_0000/amcl,0,-
Follow and YOLO family,/a201_0000/controller_manager/statistics/values,246.934,79.10 KB/s,246.934 (VISUAL BRIDGE),79.10 KB/s (VISUAL BRIDGE),"FOLLOW, YOLO, TRACKER, VISUAL BRIDGE, FULL, SUPPORT YOLO",pal_statistics_msgs/msg/StatisticsValues,1,/a201_0000/controller_manager,0,-,1,/a201_0000/controller_manager,0,-,1,/a201_0000/controller_manager,0,-,1,/a201_0000/controller_manager,0,-,1,/a201_0000/controller_manager,0,-,1,/a201_0000/controller_manager,0,-
Follow and YOLO family,/a201_0000/sensors/lidar3d_0/scan_from_points,13.399,48.05 KB/s,-,-,"FOLLOW, YOLO, TRACKER, VISUAL BRIDGE, FULL, SUPPORT YOLO",sensor_msgs/msg/LaserScan,1,/a201_0000/pointcloud_to_laserscan,2,"/a201_0000/local_costmap/local_costmap, /a201_0000/amcl",1,/a201_0000/pointcloud_to_laserscan,2,"/a201_0000/amcl, /a201_0000/local_costmap/local_costmap",1,/a201_0000/pointcloud_to_laserscan,2,"/a201_0000/amcl, /a201_0000/local_costmap/local_costmap",1,/a201_0000/pointcloud_to_laserscan,2,"/a201_0000/amcl, /a201_0000/local_costmap/local_costmap",1,/a201_0000/pointcloud_to_laserscan,3,"/a201_0000/latest_scan_relay, /a201_0000/local_costmap/local_costmap",1,/a201_0000/pointcloud_to_laserscan,2,"/a201_0000/local_costmap/local_costmap, /a201_0000/amcl"
Follow and YOLO family,/a201_0000/controller_manager/introspection_data/full,19.798,42.30 KB/s,-,-,"FOLLOW, YOLO, TRACKER, VISUAL BRIDGE, FULL, SUPPORT YOLO",pal_statistics_msgs/msg/Statistics,1,/a201_0000/controller_manager,0,-,1,/a201_0000/controller_manager,0,-,1,/a201_0000/controller_manager,0,-,1,/a201_0000/controller_manager,0,-,1,/a201_0000/controller_manager,0,-,1,/a201_0000/controller_manager,0,-
Follow and YOLO family,/a201_0000/plan,0.900,41.36 KB/s,0.900 (VISUAL BRIDGE),41.36 KB/s (SUPPORT YOLO),"FOLLOW, YOLO, TRACKER, VISUAL BRIDGE, FULL, SUPPORT YOLO",nav_msgs/msg/Path,2,"/a201_0000/planner_server, /a201_0000/route_server",0,-,2,"/a201_0000/planner_server, /a201_0000/route_server",0,-,2,"/a201_0000/planner_server, /a201_0000/route_server",0,-,2,"/a201_0000/planner_server, /a201_0000/route_server",0,-,2,"/a201_0000/planner_server, /a201_0000/route_server",0,-,2,"/a201_0000/planner_server, /a201_0000/route_server",0,-
YOLO family only,/a201_0000/sensors/lidar3d_0/scan_from_points_relay,10.199,36.57 KB/s,10.199 (FULL),36.57 KB/s (FULL),FULL,sensor_msgs/msg/LaserScan,-,-,-,-,-,-,-,-,-,-,-,-,-,-,-,-,2,/a201_0000/latest_scan_relay,1,/a201_0000/amcl,-,-,-,-
Follow and YOLO family,/a201_0000/platform/odom/filtered,44.988,31.81 KB/s,44.988 (VISUAL BRIDGE),31.81 KB/s (VISUAL BRIDGE),"FOLLOW, YOLO, TRACKER, VISUAL BRIDGE, FULL, SUPPORT YOLO",nav_msgs/msg/Odometry,1,/a201_0000/ekf_node,1,/a201_0000/bt_navigator,1,/a201_0000/ekf_node,1,/a201_0000/bt_navigator,1,/a201_0000/ekf_node,1,/a201_0000/bt_navigator,1,/a201_0000/ekf_node,1,/a201_0000/bt_navigator,1,/a201_0000/ekf_node,1,/a201_0000/bt_navigator,1,/a201_0000/ekf_node,1,/a201_0000/bt_navigator
YOLO family only,/coord/ugv/support_observation_summary,8.733,18.35 KB/s,8.733 (SUPPORT YOLO),18.35 KB/s (SUPPORT YOLO),SUPPORT YOLO,std_msgs/msg/String,-,-,-,-,-,-,-,-,-,-,-,-,-,-,-,-,-,-,-,-,1,dji0_to_ugv_forwarder,0,-
Follow and YOLO family,/a201_0000/bond,201.378,18.09 KB/s,-,-,"FOLLOW, YOLO, VISUAL BRIDGE, FULL, SUPPORT YOLO",bond/msg/Status,20,"/a201_0000/controller_server, /a201_0000/smoother_server, /a201_0000/planner_server, +9",20,"/a201_0000/controller_server, /a201_0000/smoother_server, /a201_0000/planner_server, +10",20,"/a201_0000/controller_server, /a201_0000/smoother_server, /a201_0000/planner_server, +9",20,"/a201_0000/controller_server, /a201_0000/smoother_server, /a201_0000/planner_server, +10",-,-,-,-,20,"/a201_0000/map_server, /a201_0000/amcl, /a201_0000/lifecycle_manager_localization, +9",20,"/a201_0000/map_server, /a201_0000/amcl, +10",20,"/a201_0000/bt_navigator, /a201_0000/waypoint_follower, /a201_0000/velocity_smoother, +9",20,"/a201_0000/bt_navigator, /a201_0000/waypoint_follower, /a201_0000/velocity_smoother, +10",20,"/a201_0000/controller_server, /a201_0000/smoother_server, /a201_0000/planner_server, +9",20,"/a201_0000/controller_server, /a201_0000/smoother_server, +10"
YOLO family only,/coord/dji0/support_observation_summary,8.798,17.14 KB/s,8.798 (SUPPORT YOLO),17.14 KB/s (SUPPORT YOLO),SUPPORT YOLO,std_msgs/msg/String,-,-,-,-,-,-,-,-,-,-,-,-,-,-,-,-,-,-,-,-,1,support_detection_mux,1,dji0_to_ugv_forwarder
YOLO family only,/coord/leader_visual_target_estimate,19.795,14.15 KB/s,19.795 (VISUAL BRIDGE),14.15 KB/s (VISUAL BRIDGE),"VISUAL BRIDGE, FULL",nav_msgs/msg/Odometry,-,-,-,-,-,-,-,-,-,-,-,-,1,visual_target_estimator,4,"follow_point_generator, follow_point_planner, +2",1,visual_target_estimator,5,"follow_point_generator, follow_point_planner, +3",-,-,-,-
Follow and YOLO family,/a201_0000/platform/odom,19.193,13.57 KB/s,19.193 (YOLO),13.57 KB/s (YOLO),"FOLLOW, YOLO, TRACKER, VISUAL BRIDGE, FULL, SUPPORT YOLO",nav_msgs/msg/Odometry,1,/a201_0000/platform_velocity_controller,2,"/a201_0000/ekf_node, /a201_0000/controller_server",1,/a201_0000/platform_velocity_controller,2,"/a201_0000/ekf_node, /a201_0000/controller_server",1,/a201_0000/platform_velocity_controller,2,"/a201_0000/ekf_node, /a201_0000/controller_server",1,/a201_0000/platform_velocity_controller,2,"/a201_0000/ekf_node, /a201_0000/controller_server",1,/a201_0000/platform_velocity_controller,2,"/a201_0000/ekf_node, /a201_0000/controller_server",1,/a201_0000/platform_velocity_controller,2,"/a201_0000/controller_server, /a201_0000/ekf_node"
Follow and YOLO family,/a201_0000/tf,75.592,13.40 KB/s,-,-,"FOLLOW, YOLO, TRACKER, VISUAL BRIDGE, FULL, SUPPORT YOLO",tf2_msgs/msg/TFMessage,5,"/a201_0000/robot_state_publisher, /a201_0000/ekf_node, /a201_0000/odom_base_tf_bridge, +2",8,"/a201_0000/transform_listener_impl_56b785ec7e90, /a201_0000/transform_listener_impl_57eab2159680, +6",5,"/a201_0000/robot_state_publisher, /a201_0000/ekf_node, /a201_0000/odom_base_tf_bridge, +2",8,"/a201_0000/transform_listener_impl_59024f77e700, /a201_0000/amcl, +6",5,"/a201_0000/robot_state_publisher, /a201_0000/ekf_node, /a201_0000/odom_base_tf_bridge, +2",8,"/a201_0000/transform_listener_impl_607a431e41d0, /a201_0000/amcl, +6",5,"/a201_0000/platform_velocity_controller, /a201_0000/amcl, /a201_0000/robot_state_publisher, +2",8,"/a201_0000/amcl, /a201_0000/transform_listener_impl_5e91329bedd0, +6",5,"/a201_0000/ekf_node, /a201_0000/odom_base_tf_bridge, /a201_0000/platform_velocity_controller, +2",8,"/a201_0000/bt_navigator, /a201_0000/transform_listener_impl_55589afa4fe0, +6",5,"/a201_0000/robot_state_publisher, /a201_0000/ekf_node, /a201_0000/odom_base_tf_bridge, +2",8,"/a201_0000/transform_listener_impl_61a04040d4e0, /a201_0000/smoother_server, +6"
YOLO family only,/dji0/pose/odom,17.466,12.21 KB/s,17.466 (SUPPORT YOLO),12.21 KB/s (SUPPORT YOLO),"FULL, SUPPORT YOLO",nav_msgs/msg/Odometry,-,-,-,-,-,-,-,-,-,-,-,-,-,-,-,-,1,omnet_uav_pose_to_odom,1,omnet_tcp_bridge,1,support_follow_dji0_pose_to_odom,2,"support_follow_dji1_odom_controller, support_follow_dji2_odom_controller"
Follow and YOLO family,/a201_0000/ground_truth/odom,16.992,12.01 KB/s,-,-,"FOLLOW, FULL",nav_msgs/msg/Odometry,1,/a201_0000/ugv_ground_truth_bridge,1,follow_uav,-,-,-,-,-,-,-,-,-,-,-,-,1,/a201_0000/ugv_ground_truth_bridge,2,"rosbag2_recorder, omnet_tcp_bridge",-,-,-,-
YOLO family only,/coord/leader_visual_target_estimate_status,19.795,10.27 KB/s,19.795 (VISUAL BRIDGE),10.27 KB/s (VISUAL BRIDGE),"VISUAL BRIDGE, FULL",std_msgs/msg/String,-,-,-,-,-,-,-,-,-,-,-,-,1,visual_target_estimator,0,-,1,visual_target_estimator,0,-,-,-,-,-
YOLO family only,/coord/leader_estimate_status,19.995,10.06 KB/s,19.995 (VISUAL BRIDGE),10.06 KB/s (VISUAL BRIDGE),"YOLO, TRACKER, VISUAL BRIDGE, FULL, SUPPORT YOLO",std_msgs/msg/String,-,-,-,-,1,leader_estimator,0,-,1,leader_estimator,0,-,1,leader_estimator,0,-,1,leader_estimator,2,"rosbag2_recorder, camera_tracker",1,leader_estimator,0,-
YOLO family only,/coord/leader_visual_control_status,19.600,9.58 KB/s,19.600 (FULL),9.58 KB/s (FULL),"VISUAL BRIDGE, FULL",std_msgs/msg/String,-,-,-,-,-,-,-,-,-,-,-,-,1,visual_follow_controller,0,-,1,visual_follow_controller,0,-,-,-,-,-
YOLO family only,/coord/leader_selected_target_filtered,19.795,9.57 KB/s,19.795 (VISUAL BRIDGE),9.57 KB/s (VISUAL BRIDGE),"VISUAL BRIDGE, FULL",vision_msgs/msg/Detection2DArray,-,-,-,-,-,-,-,-,-,-,-,-,1,selected_target_filter,2,"visual_target_estimator, visual_follow_controller",1,selected_target_filter,2,"visual_target_estimator, visual_follow_controller",-,-,-,-
YOLO family only,/coord/leader_visual_actuation_bridge_status,19.600,9.41 KB/s,19.600 (FULL),9.41 KB/s (FULL),"VISUAL BRIDGE, FULL",std_msgs/msg/String,-,-,-,-,-,-,-,-,-,-,-,-,1,visual_actuation_bridge,0,-,1,visual_actuation_bridge,0,-,-,-,-,-
Follow and YOLO family,/a201_0000/sensors/camera_0/color/camera_info,24.397,9.15 KB/s,-,-,"FOLLOW, YOLO",sensor_msgs/msg/CameraInfo,1,ugv_camera_0_rgb_bridge,0,-,1,ugv_camera_0_rgb_bridge,0,-,-,-,-,-,-,-,-,-,-,-,-,-,-,-,-,-
YOLO family only,/coord/ugv/leader_detection,8.733,8.51 KB/s,8.733 (SUPPORT YOLO),8.51 KB/s (SUPPORT YOLO),SUPPORT YOLO,std_msgs/msg/String,-,-,-,-,-,-,-,-,-,-,-,-,-,-,-,-,-,-,-,-,1,dji0_to_ugv_forwarder,0,-
Follow and YOLO family,/a201_0000/local_costmap/obstacle_layer_raw,0.600,8.51 KB/s,-,-,"FOLLOW, YOLO, TRACKER, VISUAL BRIDGE, FULL, SUPPORT YOLO",nav2_msgs/msg/Costmap,1,/a201_0000/local_costmap/local_costmap,0,-,1,/a201_0000/local_costmap/local_costmap,0,-,1,/a201_0000/local_costmap/local_costmap,0,-,1,/a201_0000/local_costmap/local_costmap,0,-,1,/a201_0000/local_costmap/local_costmap,0,-,1,/a201_0000/local_costmap/local_costmap,0,-
Follow and YOLO family,/a201_0000/local_costmap/costmap_raw,0.600,8.51 KB/s,-,-,"FOLLOW, YOLO, TRACKER, VISUAL BRIDGE, FULL, SUPPORT YOLO",nav2_msgs/msg/Costmap,1,/a201_0000/local_costmap/local_costmap,1,/a201_0000/behavior_server,1,/a201_0000/local_costmap/local_costmap,1,/a201_0000/behavior_server,1,/a201_0000/local_costmap/local_costmap,1,/a201_0000/behavior_server,1,/a201_0000/local_costmap/local_costmap,1,/a201_0000/behavior_server,1,/a201_0000/local_costmap/local_costmap,1,/a201_0000/behavior_server,1,/a201_0000/local_costmap/local_costmap,1,/a201_0000/behavior_server
Follow and YOLO family,/a201_0000/local_costmap/obstacle_layer,0.600,8.50 KB/s,-,-,"FOLLOW, YOLO, TRACKER, VISUAL BRIDGE, FULL, SUPPORT YOLO",nav_msgs/msg/OccupancyGrid,1,/a201_0000/local_costmap/local_costmap,0,-,1,/a201_0000/local_costmap/local_costmap,0,-,1,/a201_0000/local_costmap/local_costmap,0,-,1,/a201_0000/local_costmap/local_costmap,0,-,1,/a201_0000/local_costmap/local_costmap,0,-,1,/a201_0000/local_costmap/local_costmap,0,-
Follow and YOLO family,/a201_0000/local_costmap/costmap,0.600,8.50 KB/s,-,-,"FOLLOW, YOLO, TRACKER, VISUAL BRIDGE, FULL, SUPPORT YOLO",nav_msgs/msg/OccupancyGrid,1,/a201_0000/local_costmap/local_costmap,0,-,1,/a201_0000/local_costmap/local_costmap,0,-,1,/a201_0000/local_costmap/local_costmap,0,-,1,/a201_0000/local_costmap/local_costmap,0,-,1,/a201_0000/local_costmap/local_costmap,0,-,1,/a201_0000/local_costmap/local_costmap,0,-
YOLO family only,/coord/leader_selected_target_filtered_status,19.795,7.72 KB/s,19.795 (VISUAL BRIDGE),7.72 KB/s (VISUAL BRIDGE),"VISUAL BRIDGE, FULL",std_msgs/msg/String,-,-,-,-,-,-,-,-,-,-,-,-,1,selected_target_filter,0,-,1,selected_target_filter,0,-,-,-,-,-
YOLO family only,/coord/dji0/leader_detection,8.798,7.33 KB/s,8.798 (SUPPORT YOLO),7.33 KB/s (SUPPORT YOLO),SUPPORT YOLO,std_msgs/msg/String,-,-,-,-,-,-,-,-,-,-,-,-,-,-,-,-,-,-,-,-,1,support_detection_mux,1,dji0_to_ugv_forwarder
Follow and YOLO family,/a201_0000/dynamic_joint_states,19.600,7.12 KB/s,19.600 (FULL),7.12 KB/s (YOLO),"FOLLOW, YOLO, TRACKER, VISUAL BRIDGE, FULL, SUPPORT YOLO",control_msgs/msg/DynamicJointState,1,/a201_0000/joint_state_broadcaster,0,-,1,/a201_0000/joint_state_broadcaster,0,-,1,/a201_0000/joint_state_broadcaster,0,-,1,/a201_0000/joint_state_broadcaster,0,-,1,/a201_0000/joint_state_broadcaster,0,-,1,/a201_0000/joint_state_broadcaster,0,-
YOLO family only,/dji2/pose_cmd/odom,9.799,6.93 KB/s,9.799 (SUPPORT YOLO),6.93 KB/s (SUPPORT YOLO),SUPPORT YOLO,nav_msgs/msg/Odometry,-,-,-,-,-,-,-,-,-,-,-,-,-,-,-,-,-,-,-,-,1,support_follow_dji2_odom_controller,0,-
YOLO family only,/dji1/pose_cmd/odom,9.798,6.93 KB/s,9.798 (SUPPORT YOLO),6.93 KB/s (SUPPORT YOLO),SUPPORT YOLO,nav_msgs/msg/Odometry,-,-,-,-,-,-,-,-,-,-,-,-,-,-,-,-,-,-,-,-,1,support_follow_dji1_odom_controller,0,-
YOLO family only,/coord/leader_detection,6.797,6.91 KB/s,5.399 (TRACKER),5.44 KB/s (TRACKER),"YOLO, TRACKER, VISUAL BRIDGE, FULL, SUPPORT YOLO",std_msgs/msg/String,-,-,-,-,1,leader_detector,1,leader_estimator,1,leader_tracker,1,leader_estimator,1,leader_tracker,1,leader_estimator,1,leader_tracker,1,leader_estimator,1,leader_detector,1,leader_estimator
YOLO family only,/coord/leader_planned_target_status,19.795,6.86 KB/s,19.795 (VISUAL BRIDGE),6.86 KB/s (VISUAL BRIDGE),"VISUAL BRIDGE, FULL",std_msgs/msg/String,-,-,-,-,-,-,-,-,-,-,-,-,1,follow_point_planner,0,-,1,follow_point_planner,0,-,-,-,-,-
Follow and YOLO family,/a201_0000/diagnostics,9.397,6.57 KB/s,9.397 (VISUAL BRIDGE),6.57 KB/s (VISUAL BRIDGE),"FOLLOW, YOLO, TRACKER, VISUAL BRIDGE, FULL, SUPPORT YOLO",diagnostic_msgs/msg/DiagnosticArray,5,"/a201_0000/ekf_node, /a201_0000/twist_mux, /a201_0000/joy_node, +1",0,-,5,"/a201_0000/ekf_node, /a201_0000/twist_mux, /a201_0000/joy_node, +1",0,-,5,"/a201_0000/ekf_node, /a201_0000/twist_mux, /a201_0000/joy_node, +1",0,-,5,"/a201_0000/controller_manager, /a201_0000/ekf_node, /a201_0000/twist_mux, +1",0,-,5,"/a201_0000/ekf_node, /a201_0000/twist_mux, /a201_0000/joy_node, +1",0,-,5,"/a201_0000/twist_mux, /a201_0000/ekf_node, /a201_0000/joy_node, +1",0,-
Follow and YOLO family,/a201_0000/controller_manager/introspection_data/values,19.793,5.57 KB/s,19.793 (VISUAL BRIDGE),5.57 KB/s (VISUAL BRIDGE),"FOLLOW, YOLO, TRACKER, VISUAL BRIDGE, FULL, SUPPORT YOLO",pal_statistics_msgs/msg/StatisticsValues,1,/a201_0000/controller_manager,0,-,1,/a201_0000/controller_manager,0,-,1,/a201_0000/controller_manager,0,-,1,/a201_0000/controller_manager,0,-,1,/a201_0000/controller_manager,0,-,1,/a201_0000/controller_manager,0,-
YOLO family only,/coord/leader_follow_point_status,19.995,5.51 KB/s,19.995 (VISUAL BRIDGE),5.51 KB/s (VISUAL BRIDGE),"VISUAL BRIDGE, FULL",std_msgs/msg/String,-,-,-,-,-,-,-,-,-,-,-,-,1,follow_point_generator,0,-,1,follow_point_generator,0,-,-,-,-,-
Follow and YOLO family,/a201_0000/platform/joint_states,19.200,4.87 KB/s,19.200 (FULL),4.87 KB/s (FULL),"FOLLOW, YOLO, TRACKER, VISUAL BRIDGE, FULL, SUPPORT YOLO",sensor_msgs/msg/JointState,1,/a201_0000/joint_state_broadcaster,1,/a201_0000/robot_state_publisher,1,/a201_0000/joint_state_broadcaster,1,/a201_0000/robot_state_publisher,1,/a201_0000/joint_state_broadcaster,1,/a201_0000/robot_state_publisher,1,/a201_0000/joint_state_broadcaster,1,/a201_0000/robot_state_publisher,1,/a201_0000/joint_state_broadcaster,1,/a201_0000/robot_state_publisher,1,/a201_0000/joint_state_broadcaster,1,/a201_0000/robot_state_publisher
YOLO family only,/a201_0000/navigate_to_pose/_action/feedback,41.791,4.73 KB/s,41.791 (SUPPORT YOLO),4.73 KB/s (SUPPORT YOLO),"TRACKER, VISUAL BRIDGE, FULL, SUPPORT YOLO",nav2_msgs/action/NavigateToPose_FeedbackMessage,-,-,-,-,-,-,-,-,1,/a201_0000/bt_navigator,3,"/a201_0000/ugv_nav2_driver, /a201_0000/bt_navigator, +1",1,/a201_0000/bt_navigator,3,"/a201_0000/ugv_nav2_driver, /a201_0000/bt_navigator, +1",1,/a201_0000/bt_navigator,3,"/a201_0000/bt_navigator, /a201_0000/waypoint_follower, +1",1,/a201_0000/bt_navigator,3,"/a201_0000/bt_navigator, /a201_0000/waypoint_follower, +1"
YOLO family only,/coord/leader_detection_status,6.797,4.65 KB/s,5.399 (TRACKER),1.96 KB/s (TRACKER),"YOLO, TRACKER, VISUAL BRIDGE, FULL, SUPPORT YOLO",std_msgs/msg/String,-,-,-,-,1,leader_detector,1,leader_estimator,1,leader_tracker,1,leader_estimator,1,leader_tracker,1,leader_estimator,1,leader_tracker,2,"rosbag2_recorder, leader_estimator",1,leader_detector,1,leader_estimator
YOLO family only,/coord/support/dji2/leader_detection,5.599,4.17 KB/s,5.599 (SUPPORT YOLO),4.17 KB/s (SUPPORT YOLO),SUPPORT YOLO,std_msgs/msg/String,-,-,-,-,-,-,-,-,-,-,-,-,-,-,-,-,-,-,-,-,1,support_dji2_leader_detector,1,support_detection_mux
Follow and YOLO family,/dji0/camera0/camera_info,9.900,3.71 KB/s,9.599 (TRACKER),3.60 KB/s (TRACKER),"FOLLOW, YOLO, TRACKER, VISUAL BRIDGE, FULL, SUPPORT YOLO",sensor_msgs/msg/CameraInfo,1,uav_camera_bridge,0,-,1,uav_camera_bridge,1,leader_estimator,1,uav_camera_bridge,1,leader_estimator,1,uav_camera_bridge,3,"leader_estimator, visual_target_estimator, +1",1,uav_camera_bridge,3,"leader_estimator, visual_target_estimator, +1",1,uav_camera_bridge,1,leader_estimator
YOLO family only,/coord/ugv/support_awareness_status,8.733,3.49 KB/s,8.733 (SUPPORT YOLO),3.49 KB/s (SUPPORT YOLO),SUPPORT YOLO,std_msgs/msg/String,-,-,-,-,-,-,-,-,-,-,-,-,-,-,-,-,-,-,-,-,1,dji0_to_ugv_forwarder,0,-
YOLO family only,/dji2/camera0/camera_info,8.799,3.30 KB/s,8.799 (SUPPORT YOLO),3.30 KB/s (SUPPORT YOLO),SUPPORT YOLO,sensor_msgs/msg/CameraInfo,-,-,-,-,-,-,-,-,-,-,-,-,-,-,-,-,-,-,-,-,1,/support_follow_spawn_dji2/uav_camera_bridge,0,-
YOLO family only,/dji1/camera0/camera_info,8.498,3.19 KB/s,8.498 (SUPPORT YOLO),3.19 KB/s (SUPPORT YOLO),SUPPORT YOLO,sensor_msgs/msg/CameraInfo,-,-,-,-,-,-,-,-,-,-,-,-,-,-,-,-,-,-,-,-,1,/support_follow_spawn_dji1/uav_camera_bridge,0,-
YOLO family only,/coord/support/dji1/leader_detection,4.200,3.15 KB/s,4.200 (SUPPORT YOLO),3.15 KB/s (SUPPORT YOLO),SUPPORT YOLO,std_msgs/msg/String,-,-,-,-,-,-,-,-,-,-,-,-,-,-,-,-,-,-,-,-,1,support_dji1_leader_detector,1,support_detection_mux
YOLO family only,/coord/leader_estimate_fault,15.400,3.13 KB/s,15.400 (VISUAL BRIDGE),3.13 KB/s (VISUAL BRIDGE),"YOLO, TRACKER, VISUAL BRIDGE, FULL, SUPPORT YOLO",std_msgs/msg/String,-,-,-,-,1,leader_estimator,0,-,1,leader_estimator,0,-,1,leader_estimator,0,-,1,leader_estimator,0,-,1,leader_estimator,0,-
YOLO family only,/coord/leader_selected_target,19.795,2.93 KB/s,19.795 (VISUAL BRIDGE),2.93 KB/s (YOLO),"YOLO, TRACKER, VISUAL BRIDGE, FULL, SUPPORT YOLO",vision_msgs/msg/Detection2DArray,-,-,-,-,1,leader_estimator,0,-,1,leader_estimator,0,-,1,leader_estimator,1,selected_target_filter,1,leader_estimator,1,selected_target_filter,1,leader_estimator,0,-
YOLO family only,/coord/ugv/leader_detection_status,8.733,2.90 KB/s,8.733 (SUPPORT YOLO),2.90 KB/s (SUPPORT YOLO),SUPPORT YOLO,std_msgs/msg/String,-,-,-,-,-,-,-,-,-,-,-,-,-,-,-,-,-,-,-,-,1,dji0_to_ugv_forwarder,0,-
Follow and YOLO family,/clock,245.992,2.88 KB/s,244.166 (TRACKER),2.86 KB/s (TRACKER),"FOLLOW, YOLO, TRACKER, VISUAL BRIDGE, FULL, SUPPORT YOLO",rosgraph_msgs/msg/Clock,1,clock_bridge,38,"uav_simulator, /a201_0000/ugv_ground_truth_bridge, follow_uav, +34",1,clock_bridge,39,"/a201_0000/ugv_nav2_driver, /a201_0000/robot_state_publisher, +35",1,clock_bridge,39,"/a201_0000/robot_state_publisher, /a201_0000/ekf_node, /a201_0000/twist_server_node, +35",1,clock_bridge,44,"/a201_0000/ugv_nav2_driver, /a201_0000/camera_0_static_tf, /a201_0000/controller_manager, +40",1,clock_bridge,52,"/a201_0000/bt_navigator, /a201_0000/bt_navigator_navigate_to_pose_rclcpp_node, /a201_0000/bt_navigator_navigate_through_poses_rclcpp_node, +47",1,clock_bridge,48,"/a201_0000/controller_server, /a201_0000/local_costmap/local_costmap, +44"
Follow only,/clock_raw,227.169,2.66 KB/s,-,-,FOLLOW,rosgraph_msgs/msg/Clock,1,-,1,-,-,-,-,-,-,-,-,-,-,-,-,-,-,-,-,-,-,-,-,-
YOLO family only,/coord/dji0/leader_detection_status,8.798,2.54 KB/s,8.798 (SUPPORT YOLO),2.54 KB/s (SUPPORT YOLO),SUPPORT YOLO,std_msgs/msg/String,-,-,-,-,-,-,-,-,-,-,-,-,-,-,-,-,-,-,-,-,1,support_detection_mux,1,dji0_to_ugv_forwarder
YOLO family only,/coord/leader_distance_debug,19.995,2.50 KB/s,19.995 (VISUAL BRIDGE),2.50 KB/s (VISUAL BRIDGE),"YOLO, TRACKER, VISUAL BRIDGE, FULL, SUPPORT YOLO",std_msgs/msg/String,-,-,-,-,1,leader_estimator,0,-,1,leader_estimator,0,-,1,leader_estimator,0,-,1,leader_estimator,0,-,1,leader_estimator,0,-
YOLO family only,/coord/ugv/support_path_advisory,8.733,2.36 KB/s,8.733 (SUPPORT YOLO),2.36 KB/s (SUPPORT YOLO),SUPPORT YOLO,std_msgs/msg/String,-,-,-,-,-,-,-,-,-,-,-,-,-,-,-,-,-,-,-,-,1,dji0_to_ugv_forwarder,0,-
YOLO family only,/coord/support/dji2/leader_detection_status,5.599,2.30 KB/s,5.599 (SUPPORT YOLO),2.30 KB/s (SUPPORT YOLO),SUPPORT YOLO,std_msgs/msg/String,-,-,-,-,-,-,-,-,-,-,-,-,-,-,-,-,-,-,-,-,1,support_dji2_leader_detector,1,support_detection_mux
YOLO family only,/coord/support/dji1/leader_detection_status,4.200,1.72 KB/s,4.200 (SUPPORT YOLO),1.72 KB/s (SUPPORT YOLO),SUPPORT YOLO,std_msgs/msg/String,-,-,-,-,-,-,-,-,-,-,-,-,-,-,-,-,-,-,-,-,1,support_dji1_leader_detector,1,support_detection_mux
Follow and YOLO family,/parameter_events,9.616,1.70 KB/s,9.616 (VISUAL BRIDGE),1.70 KB/s (VISUAL BRIDGE),"FOLLOW, YOLO, TRACKER, VISUAL BRIDGE, FULL, SUPPORT YOLO",rcl_interfaces/msg/ParameterEvent,44,"uav_simulator, /a201_0000/ugv_ground_truth_bridge, follow_uav, +39",42,"/a201_0000/controller_server, /a201_0000/local_costmap/local_costmap, /a201_0000/transform_listener_impl_612c9f9b12e0, +37",46,"/a201_0000/robot_state_publisher, /a201_0000/controller_server, /a201_0000/local_costmap/local_costmap, +41",43,"/a201_0000/robot_state_publisher, /a201_0000/controller_server, /a201_0000/local_costmap/local_costmap, +38",45,"uav_camera_bridge, uav_depth_bridge, /a201_0000/robot_state_publisher, +40",42,"uav_camera_bridge, uav_depth_bridge, /a201_0000/robot_state_publisher, +37",50,"uav_set_pose_bridge, uav_camera_bridge, /a201_0000/ugv_nav2_driver, +45",42,"uav_set_pose_bridge, uav_camera_bridge, uav_depth_bridge, +37",57,"/a201_0000/bt_navigator, /a201_0000/bt_navigator_navigate_to_pose_rclcpp_node, /a201_0000/bt_navigator_navigate_through_poses_rclcpp_node, +51",43,"/a201_0000/bt_navigator, /a201_0000/bt_navigator_navigate_to_pose_rclcpp_node, /a201_0000/bt_navigator_navigate_through_poses_rclcpp_node, +38",56,"topic_audit_table_sampler, /a201_0000/controller_server, /a201_0000/local_costmap/local_costmap, +51",44,"/a201_0000/controller_server, /a201_0000/local_costmap/local_costmap, +39"
YOLO family only,/coord/leader_estimate,19.900,1.63 KB/s,19.597 (TRACKER),1.61 KB/s (TRACKER),"YOLO, TRACKER, VISUAL BRIDGE, FULL, SUPPORT YOLO",geometry_msgs/msg/PoseStamped,-,-,-,-,1,leader_estimator,1,follow_uav,1,leader_estimator,1,follow_uav,1,leader_estimator,1,follow_point_generator,1,leader_estimator,3,"rosbag2_recorder, follow_point_generator, +1",1,leader_estimator,1,follow_uav
YOLO family only,/coord/leader_visual_control,19.600,1.61 KB/s,19.600 (FULL),1.61 KB/s (FULL),"VISUAL BRIDGE, FULL",geometry_msgs/msg/TwistStamped,-,-,-,-,-,-,-,-,-,-,-,-,1,visual_follow_controller,1,visual_actuation_bridge,1,visual_follow_controller,1,visual_actuation_bridge,-,-,-,-
Follow and YOLO family,/dji0/pose,19.595,1.61 KB/s,19.595 (VISUAL BRIDGE),1.59 KB/s (TRACKER),"FOLLOW, YOLO, TRACKER, VISUAL BRIDGE, FULL, SUPPORT YOLO",geometry_msgs/msg/PoseStamped,1,uav_simulator,1,follow_uav,1,uav_simulator,2,"leader_estimator, follow_uav",1,uav_simulator,2,"leader_estimator, follow_uav",1,uav_simulator,4,"leader_estimator, follow_point_generator, +2",1,uav_simulator,7,"rosbag2_recorder, leader_estimator, +5",1,uav_simulator,3,"support_follow_dji0_pose_to_odom, leader_estimator, +1"
Follow and YOLO family,/a201_0000/local_costmap/obstacle_layer_updates,0.600,1.61 KB/s,-,-,"FOLLOW, YOLO, TRACKER, VISUAL BRIDGE, FULL, SUPPORT YOLO",map_msgs/msg/OccupancyGridUpdate,1,/a201_0000/local_costmap/local_costmap,0,-,1,/a201_0000/local_costmap/local_costmap,0,-,1,/a201_0000/local_costmap/local_costmap,0,-,1,/a201_0000/local_costmap/local_costmap,0,-,1,/a201_0000/local_costmap/local_costmap,0,-,1,/a201_0000/local_costmap/local_costmap,0,-
Follow and YOLO family,/a201_0000/local_costmap/obstacle_layer_raw_updates,0.600,1.61 KB/s,-,-,"FOLLOW, YOLO, TRACKER, VISUAL BRIDGE, FULL, SUPPORT YOLO",nav2_msgs/msg/CostmapUpdate,1,/a201_0000/local_costmap/local_costmap,0,-,1,/a201_0000/local_costmap/local_costmap,0,-,1,/a201_0000/local_costmap/local_costmap,0,-,1,/a201_0000/local_costmap/local_costmap,0,-,1,/a201_0000/local_costmap/local_costmap,0,-,1,/a201_0000/local_costmap/local_costmap,0,-
Follow and YOLO family,/a201_0000/local_costmap/costmap_updates,0.600,1.61 KB/s,-,-,"FOLLOW, YOLO, TRACKER, VISUAL BRIDGE, FULL, SUPPORT YOLO",map_msgs/msg/OccupancyGridUpdate,1,/a201_0000/local_costmap/local_costmap,0,-,1,/a201_0000/local_costmap/local_costmap,0,-,1,/a201_0000/local_costmap/local_costmap,0,-,1,/a201_0000/local_costmap/local_costmap,0,-,1,/a201_0000/local_costmap/local_costmap,0,-,1,/a201_0000/local_costmap/local_costmap,0,-
Follow and YOLO family,/a201_0000/local_costmap/costmap_raw_updates,0.600,1.61 KB/s,-,-,"FOLLOW, YOLO, TRACKER, VISUAL BRIDGE, FULL, SUPPORT YOLO",nav2_msgs/msg/CostmapUpdate,1,/a201_0000/local_costmap/local_costmap,1,/a201_0000/behavior_server,1,/a201_0000/local_costmap/local_costmap,1,/a201_0000/behavior_server,1,/a201_0000/local_costmap/local_costmap,1,/a201_0000/behavior_server,1,/a201_0000/local_costmap/local_costmap,1,/a201_0000/behavior_server,1,/a201_0000/local_costmap/local_costmap,1,/a201_0000/behavior_server,1,/a201_0000/local_costmap/local_costmap,1,/a201_0000/behavior_server
Follow and YOLO family,/a201_0000/platform/cmd_vel,20.794,1.54 KB/s,20.794 (VISUAL BRIDGE),1.54 KB/s (VISUAL BRIDGE),"FOLLOW, YOLO, TRACKER, VISUAL BRIDGE, FULL, SUPPORT YOLO",geometry_msgs/msg/TwistStamped,2,/a201_0000/twist_mux,2,"/a201_0000/cmd_vel_bridge, /a201_0000/platform_velocity_controller",2,/a201_0000/twist_mux,2,"/a201_0000/cmd_vel_bridge, /a201_0000/platform_velocity_controller",2,/a201_0000/twist_mux,2,"/a201_0000/cmd_vel_bridge, /a201_0000/platform_velocity_controller",2,/a201_0000/twist_mux,2,"/a201_0000/platform_velocity_controller, /a201_0000/cmd_vel_bridge",2,/a201_0000/twist_mux,2,"/a201_0000/cmd_vel_bridge, /a201_0000/platform_velocity_controller",2,/a201_0000/twist_mux,2,"/a201_0000/cmd_vel_bridge, /a201_0000/platform_velocity_controller"
YOLO family only,/coord/leader_follow_point,19.600,1.45 KB/s,19.600 (FULL),1.45 KB/s (VISUAL BRIDGE),"VISUAL BRIDGE, FULL",geometry_msgs/msg/PoseStamped,-,-,-,-,-,-,-,-,-,-,-,-,1,follow_point_generator,2,"follow_point_planner, visual_actuation_bridge",1,follow_point_generator,2,"follow_point_planner, visual_actuation_bridge",-,-,-,-
YOLO family only,/coord/leader_planned_target,19.589,1.45 KB/s,19.589 (VISUAL BRIDGE),1.45 KB/s (VISUAL BRIDGE),"VISUAL BRIDGE, FULL",geometry_msgs/msg/PoseStamped,-,-,-,-,-,-,-,-,-,-,-,-,1,follow_point_planner,1,visual_actuation_bridge,1,follow_point_planner,1,visual_actuation_bridge,-,-,-,-
YOLO family only,/dji1/pose,17.596,1.44 KB/s,17.596 (SUPPORT YOLO),1.44 KB/s (SUPPORT YOLO),SUPPORT YOLO,geometry_msgs/msg/PoseStamped,-,-,-,-,-,-,-,-,-,-,-,-,-,-,-,-,-,-,-,-,1,support_follow_dji1_simulator,1,support_follow_dji1_odom_controller
YOLO family only,/dji2/pose,17.396,1.43 KB/s,17.396 (SUPPORT YOLO),1.43 KB/s (SUPPORT YOLO),SUPPORT YOLO,geometry_msgs/msg/PoseStamped,-,-,-,-,-,-,-,-,-,-,-,-,-,-,-,-,-,-,-,-,1,support_follow_dji2_simulator,1,support_follow_dji2_odom_controller
Follow and YOLO family,/a201_0000/ground_truth/pose,16.792,1.38 KB/s,-,-,"FOLLOW, FULL",geometry_msgs/msg/PoseStamped,1,/a201_0000/ugv_ground_truth_bridge,0,-,-,-,-,-,-,-,-,-,-,-,-,-,1,/a201_0000/ugv_ground_truth_bridge,0,-,-,-,-,-
Follow and YOLO family,/a201_0000/platform_velocity_controller/cmd_vel_out,19.200,1.27 KB/s,19.200 (FULL),1.27 KB/s (FULL),"FOLLOW, YOLO, TRACKER, VISUAL BRIDGE, FULL, SUPPORT YOLO",geometry_msgs/msg/TwistStamped,1,/a201_0000/platform_velocity_controller,0,-,1,/a201_0000/platform_velocity_controller,0,-,1,/a201_0000/platform_velocity_controller,0,-,1,/a201_0000/platform_velocity_controller,0,-,1,/a201_0000/platform_velocity_controller,0,-,1,/a201_0000/platform_velocity_controller,0,-
YOLO family only,/dji0/pose_cmd,15.400,1.14 KB/s,15.400 (VISUAL BRIDGE),1.14 KB/s (VISUAL BRIDGE),"VISUAL BRIDGE, FULL",geometry_msgs/msg/PoseStamped,-,-,-,-,-,-,-,-,-,-,-,-,1,visual_actuation_bridge,0,-,1,visual_actuation_bridge,1,camera_tracker,-,-,-,-
Follow and YOLO family,/a201_0000/amcl_pose,2.399,873 B/s,2.399 (SUPPORT YOLO),873 B/s (SUPPORT YOLO),"FOLLOW, YOLO, TRACKER, VISUAL BRIDGE, FULL, SUPPORT YOLO",geometry_msgs/msg/PoseWithCovarianceStamped,1,/a201_0000/amcl,2,/a201_0000/ugv_nav2_driver,1,/a201_0000/amcl,2,/a201_0000/ugv_nav2_driver,1,/a201_0000/amcl,2,/a201_0000/ugv_nav2_driver,1,/a201_0000/amcl,2,/a201_0000/ugv_nav2_driver,1,/a201_0000/amcl,2,/a201_0000/ugv_nav2_driver,1,/a201_0000/amcl,2,/a201_0000/ugv_nav2_driver
Follow and YOLO family,/dji0/psdk_ros2/flight_control_setpoint_ENUposition_yaw,19.795,871 B/s,19.795 (VISUAL BRIDGE),871 B/s (VISUAL BRIDGE),"FOLLOW, YOLO, TRACKER, VISUAL BRIDGE, FULL, SUPPORT YOLO",sensor_msgs/msg/Joy,1,follow_uav,1,uav_simulator,1,follow_uav,1,uav_simulator,1,follow_uav,1,uav_simulator,1,visual_actuation_bridge,1,uav_simulator,1,visual_actuation_bridge,2,"rosbag2_recorder, uav_simulator",1,follow_uav,1,uav_simulator
Follow and YOLO family,/a201_0000/cmd_vel_nav,10.600,806 B/s,10.600 (FULL),-,"FOLLOW, YOLO, TRACKER, VISUAL BRIDGE, FULL, SUPPORT YOLO",geometry_msgs/msg/TwistStamped,5,"/a201_0000/controller_server, /a201_0000/behavior_server",1,/a201_0000/velocity_smoother,5,"/a201_0000/controller_server, /a201_0000/behavior_server",1,/a201_0000/velocity_smoother,5,"/a201_0000/controller_server, /a201_0000/behavior_server",1,/a201_0000/velocity_smoother,5,"/a201_0000/controller_server, /a201_0000/behavior_server",1,/a201_0000/velocity_smoother,5,"/a201_0000/controller_server, /a201_0000/behavior_server",1,/a201_0000/velocity_smoother,5,"/a201_0000/controller_server, /a201_0000/behavior_server",1,/a201_0000/velocity_smoother
Follow and YOLO family,/a201_0000/cmd_vel,10.600,806 B/s,10.600 (FULL),-,"FOLLOW, YOLO, TRACKER, VISUAL BRIDGE, FULL, SUPPORT YOLO",geometry_msgs/msg/TwistStamped,2,"/a201_0000/cmd_vel_bridge, /a201_0000/velocity_smoother",2,/a201_0000/twist_mux,2,"/a201_0000/cmd_vel_bridge, /a201_0000/velocity_smoother",2,/a201_0000/twist_mux,2,"/a201_0000/cmd_vel_bridge, /a201_0000/velocity_smoother",2,/a201_0000/twist_mux,2,"/a201_0000/cmd_vel_bridge, /a201_0000/velocity_smoother",2,/a201_0000/twist_mux,2,"/a201_0000/cmd_vel_bridge, /a201_0000/velocity_smoother",2,/a201_0000/twist_mux,2,"/a201_0000/velocity_smoother, /a201_0000/cmd_vel_bridge",2,/a201_0000/twist_mux
Follow and YOLO family,/a201_0000/local_costmap/published_footprint,10.400,790 B/s,10.400 (FULL),790 B/s (YOLO),"FOLLOW, YOLO, TRACKER, VISUAL BRIDGE, FULL, SUPPORT YOLO",geometry_msgs/msg/PolygonStamped,1,/a201_0000/local_costmap/local_costmap,1,/a201_0000/behavior_server,1,/a201_0000/local_costmap/local_costmap,1,/a201_0000/behavior_server,1,/a201_0000/local_costmap/local_costmap,1,/a201_0000/behavior_server,1,/a201_0000/local_costmap/local_costmap,1,/a201_0000/behavior_server,1,/a201_0000/local_costmap/local_costmap,1,/a201_0000/behavior_server,1,/a201_0000/local_costmap/local_costmap,1,/a201_0000/behavior_server
YOLO family only,/dji2/pose_cmd,9.799,745 B/s,9.799 (SUPPORT YOLO),745 B/s (SUPPORT YOLO),SUPPORT YOLO,geometry_msgs/msg/PoseStamped,-,-,-,-,-,-,-,-,-,-,-,-,-,-,-,-,-,-,-,-,1,support_follow_dji2_odom_controller,0,-
YOLO family only,/dji1/pose_cmd,9.798,745 B/s,9.798 (SUPPORT YOLO),745 B/s (SUPPORT YOLO),SUPPORT YOLO,geometry_msgs/msg/PoseStamped,-,-,-,-,-,-,-,-,-,-,-,-,-,-,-,-,-,-,-,-,1,support_follow_dji1_odom_controller,0,-
Follow and YOLO family,/a201_0000/behavior_tree_log,1.800,733 B/s,1.800 (VISUAL BRIDGE),733 B/s (VISUAL BRIDGE),"FOLLOW, YOLO, TRACKER, VISUAL BRIDGE, FULL, SUPPORT YOLO",nav2_msgs/msg/BehaviorTreeLog,2,"/a201_0000/bt_navigator_navigate_to_pose_rclcpp_node, /a201_0000/bt_navigator_navigate_through_poses_rclcpp_node",0,-,2,"/a201_0000/bt_navigator_navigate_to_pose_rclcpp_node, /a201_0000/bt_navigator_navigate_through_poses_rclcpp_node",0,-,2,"/a201_0000/bt_navigator_navigate_to_pose_rclcpp_node, /a201_0000/bt_navigator_navigate_through_poses_rclcpp_node",0,-,2,"/a201_0000/bt_navigator_navigate_to_pose_rclcpp_node, /a201_0000/bt_navigator_navigate_through_poses_rclcpp_node",0,-,2,"/a201_0000/bt_navigator_navigate_to_pose_rclcpp_node, /a201_0000/bt_navigator_navigate_through_poses_rclcpp_node",0,-,2,"/a201_0000/bt_navigator_navigate_to_pose_rclcpp_node, /a201_0000/bt_navigator_navigate_through_poses_rclcpp_node",0,-
YOLO family only,/dji2/psdk_ros2/flight_control_setpoint_ENUposition_yaw,9.799,431 B/s,9.799 (SUPPORT YOLO),431 B/s (SUPPORT YOLO),SUPPORT YOLO,sensor_msgs/msg/Joy,-,-,-,-,-,-,-,-,-,-,-,-,-,-,-,-,-,-,-,-,1,support_follow_dji2_odom_controller,1,support_follow_dji2_simulator
YOLO family only,/dji1/psdk_ros2/flight_control_setpoint_ENUposition_yaw,9.798,431 B/s,9.798 (SUPPORT YOLO),431 B/s (SUPPORT YOLO),SUPPORT YOLO,sensor_msgs/msg/Joy,-,-,-,-,-,-,-,-,-,-,-,-,-,-,-,-,-,-,-,-,1,support_follow_dji1_odom_controller,1,support_follow_dji1_simulator
YOLO family only,/a201_0000/follow_path/_action/status,1.600,357 B/s,1.600 (SUPPORT YOLO),357 B/s (FULL),"TRACKER, VISUAL BRIDGE, FULL, SUPPORT YOLO",action_msgs/msg/GoalStatusArray,-,-,-,-,-,-,-,-,1,/a201_0000/controller_server,2,"/a201_0000/bt_navigator_navigate_to_pose_rclcpp_node, /a201_0000/bt_navigator_navigate_through_poses_rclcpp_node",1,/a201_0000/controller_server,2,"/a201_0000/bt_navigator_navigate_to_pose_rclcpp_node, /a201_0000/bt_navigator_navigate_through_poses_rclcpp_node",1,/a201_0000/controller_server,2,"/a201_0000/bt_navigator_navigate_to_pose_rclcpp_node, /a201_0000/bt_navigator_navigate_through_poses_rclcpp_node",1,/a201_0000/controller_server,2,"/a201_0000/bt_navigator_navigate_to_pose_rclcpp_node, /a201_0000/bt_navigator_navigate_through_poses_rclcpp_node"
YOLO family only,/a201_0000/compute_path_to_pose/_action/status,1.400,323 B/s,1.400 (SUPPORT YOLO),323 B/s (TRACKER),"TRACKER, VISUAL BRIDGE, FULL, SUPPORT YOLO",action_msgs/msg/GoalStatusArray,-,-,-,-,-,-,-,-,1,/a201_0000/planner_server,1,/a201_0000/bt_navigator_navigate_to_pose_rclcpp_node,1,/a201_0000/planner_server,1,/a201_0000/bt_navigator_navigate_to_pose_rclcpp_node,1,/a201_0000/planner_server,1,/a201_0000/bt_navigator_navigate_to_pose_rclcpp_node,1,/a201_0000/planner_server,1,/a201_0000/bt_navigator_navigate_to_pose_rclcpp_node
Follow and YOLO family,/a201_0000/planned_path,0.200,322 B/s,-,-,"FOLLOW, YOLO, TRACKER, VISUAL BRIDGE, FULL, SUPPORT YOLO",nav_msgs/msg/Path,1,/a201_0000/ugv_nav2_driver,0,-,1,/a201_0000/ugv_nav2_driver,0,-,1,/a201_0000/ugv_nav2_driver,0,-,1,/a201_0000/ugv_nav2_driver,0,-,1,/a201_0000/ugv_nav2_driver,0,-,1,/a201_0000/ugv_nav2_driver,0,-
Follow and YOLO family,/diagnostics,2.000,248 B/s,-,-,"FOLLOW, YOLO, TRACKER, VISUAL BRIDGE, FULL, SUPPORT YOLO",diagnostic_msgs/msg/DiagnosticArray,2,"/a201_0000/lifecycle_manager_navigation, /a201_0000/lifecycle_manager_localization",0,-,2,"/a201_0000/lifecycle_manager_localization, /a201_0000/lifecycle_manager_navigation",0,-,2,"/a201_0000/lifecycle_manager_localization, /a201_0000/lifecycle_manager_navigation",0,-,2,"/a201_0000/lifecycle_manager_localization, /a201_0000/lifecycle_manager_navigation",0,-,2,"/a201_0000/lifecycle_manager_navigation, /a201_0000/lifecycle_manager_localization",0,-,2,"/a201_0000/lifecycle_manager_navigation, /a201_0000/lifecycle_manager_localization",0,-
YOLO family only,/a201_0000/follow_path/_action/feedback,8.597,241 B/s,8.597 (FULL),241 B/s (FULL),"TRACKER, VISUAL BRIDGE, FULL, SUPPORT YOLO",nav2_msgs/action/FollowPath_FeedbackMessage,-,-,-,-,-,-,-,-,1,/a201_0000/controller_server,2,"/a201_0000/bt_navigator_navigate_to_pose_rclcpp_node, /a201_0000/bt_navigator_navigate_through_poses_rclcpp_node",1,/a201_0000/controller_server,2,"/a201_0000/bt_navigator_navigate_to_pose_rclcpp_node, /a201_0000/bt_navigator_navigate_through_poses_rclcpp_node",1,/a201_0000/controller_server,2,"/a201_0000/bt_navigator_navigate_to_pose_rclcpp_node, /a201_0000/bt_navigator_navigate_through_poses_rclcpp_node",1,/a201_0000/controller_server,2,"/a201_0000/bt_navigator_navigate_to_pose_rclcpp_node, /a201_0000/bt_navigator_navigate_through_poses_rclcpp_node"
Follow and YOLO family,/a201_0000/controller_manager/introspection_data/names,0.117,182 B/s,0.117 (VISUAL BRIDGE),182 B/s (VISUAL BRIDGE),"FOLLOW, YOLO, TRACKER, VISUAL BRIDGE, FULL, SUPPORT YOLO",pal_statistics_msgs/msg/StatisticsNames,1,/a201_0000/controller_manager,0,-,1,/a201_0000/controller_manager,0,-,1,/a201_0000/controller_manager,0,-,1,/a201_0000/controller_manager,0,-,1,/a201_0000/controller_manager,0,-,1,/a201_0000/controller_manager,0,-
Follow and YOLO family,/dji0/follow/actual/pan_deg,15.797,126 B/s,15.797 (YOLO),126 B/s (YOLO),"FOLLOW, YOLO, TRACKER, VISUAL BRIDGE, FULL, SUPPORT YOLO",std_msgs/msg/Float32,1,uav_simulator,0,-,1,uav_simulator,0,-,1,uav_simulator,0,-,1,uav_simulator,0,-,1,uav_simulator,0,-,1,uav_simulator,0,-
Follow and YOLO family,/dji0/follow/actual/tilt_deg,15.597,125 B/s,15.597 (YOLO),125 B/s (YOLO),"FOLLOW, YOLO, TRACKER, VISUAL BRIDGE, FULL, SUPPORT YOLO",std_msgs/msg/Float32,1,uav_simulator,0,-,1,uav_simulator,1,leader_estimator,1,uav_simulator,1,leader_estimator,1,uav_simulator,1,leader_estimator,1,uav_simulator,1,leader_estimator,1,uav_simulator,1,leader_estimator
YOLO family only,/omnet/snir_db,9.596,115 B/s,9.596 (FULL),115 B/s (FULL),FULL,std_msgs/msg/Float64,-,-,-,-,-,-,-,-,-,-,-,-,-,-,-,-,1,omnet_metrics_bridge,1,rosbag2_recorder,-,-,-,-
YOLO family only,/omnet/rssi_dbm,9.596,115 B/s,9.596 (FULL),115 B/s (FULL),FULL,std_msgs/msg/Float64,-,-,-,-,-,-,-,-,-,-,-,-,-,-,-,-,1,omnet_metrics_bridge,1,rosbag2_recorder,-,-,-,-
Follow and YOLO family,/rosout,0.800,115 B/s,-,-,"FOLLOW, YOLO",rcl_interfaces/msg/Log,47,"uav_simulator, /a201_0000/ugv_ground_truth_bridge, follow_uav, +42",0,-,49,"/a201_0000/robot_state_publisher, /a201_0000/controller_server, /a201_0000/local_costmap/local_costmap, +44",0,-,-,-,-,-,-,-,-,-,-,-,-,-,-,-,-,-
YOLO family only,/dji2/follow/actual/tilt_deg,14.197,114 B/s,14.197 (SUPPORT YOLO),114 B/s (SUPPORT YOLO),SUPPORT YOLO,std_msgs/msg/Float32,-,-,-,-,-,-,-,-,-,-,-,-,-,-,-,-,-,-,-,-,1,support_follow_dji2_simulator,0,-
YOLO family only,/dji2/follow/actual/pan_deg,14.197,114 B/s,14.197 (SUPPORT YOLO),114 B/s (SUPPORT YOLO),SUPPORT YOLO,std_msgs/msg/Float32,-,-,-,-,-,-,-,-,-,-,-,-,-,-,-,-,-,-,-,-,1,support_follow_dji2_simulator,0,-
YOLO family only,/dji1/follow/actual/tilt_deg,14.197,114 B/s,14.197 (SUPPORT YOLO),114 B/s (SUPPORT YOLO),SUPPORT YOLO,std_msgs/msg/Float32,-,-,-,-,-,-,-,-,-,-,-,-,-,-,-,-,-,-,-,-,1,support_follow_dji1_simulator,0,-
YOLO family only,/dji1/follow/actual/pan_deg,14.197,114 B/s,14.197 (SUPPORT YOLO),114 B/s (SUPPORT YOLO),SUPPORT YOLO,std_msgs/msg/Float32,-,-,-,-,-,-,-,-,-,-,-,-,-,-,-,-,-,-,-,-,1,support_follow_dji1_simulator,0,-
YOLO family only,/omnet/packet_error_rate,9.397,113 B/s,9.397 (FULL),113 B/s (FULL),FULL,std_msgs/msg/Float64,-,-,-,-,-,-,-,-,-,-,-,-,-,-,-,-,1,omnet_metrics_bridge,1,rosbag2_recorder,-,-,-,-
YOLO family only,/omnet/sim_time,7.999,96 B/s,7.999 (FULL),96 B/s (FULL),FULL,std_msgs/msg/Float64,-,-,-,-,-,-,-,-,-,-,-,-,-,-,-,-,1,omnet_metrics_bridge,1,rosbag2_recorder,-,-,-,-
YOLO family only,/omnet/radio_distance,7.999,96 B/s,7.999 (FULL),96 B/s (FULL),FULL,std_msgs/msg/Float64,-,-,-,-,-,-,-,-,-,-,-,-,-,-,-,-,1,omnet_metrics_bridge,1,rosbag2_recorder,-,-,-,-
YOLO family only,/omnet/packet_delivery_ratio,7.999,96 B/s,7.999 (FULL),96 B/s (FULL),FULL,std_msgs/msg/Float64,-,-,-,-,-,-,-,-,-,-,-,-,-,-,-,-,1,omnet_metrics_bridge,1,rosbag2_recorder,-,-,-,-
YOLO family only,/omnet/latency_s,7.999,96 B/s,7.999 (FULL),96 B/s (FULL),FULL,std_msgs/msg/Float64,-,-,-,-,-,-,-,-,-,-,-,-,-,-,-,-,1,omnet_metrics_bridge,1,rosbag2_recorder,-,-,-,-
YOLO family only,/omnet/jitter_s,7.999,96 B/s,7.999 (FULL),96 B/s (FULL),FULL,std_msgs/msg/Float64,-,-,-,-,-,-,-,-,-,-,-,-,-,-,-,-,1,omnet_metrics_bridge,1,rosbag2_recorder,-,-,-,-
Follow and YOLO family,/a201_0000/global_costmap/published_footprint,1.200,86 B/s,1.200 (TRACKER),86 B/s (TRACKER),"FOLLOW, YOLO, TRACKER, VISUAL BRIDGE, FULL, SUPPORT YOLO",geometry_msgs/msg/PolygonStamped,1,/a201_0000/global_costmap/global_costmap,1,/a201_0000/smoother_server,1,/a201_0000/global_costmap/global_costmap,1,/a201_0000/smoother_server,1,/a201_0000/global_costmap/global_costmap,1,/a201_0000/smoother_server,1,/a201_0000/global_costmap/global_costmap,1,/a201_0000/smoother_server,1,/a201_0000/global_costmap/global_costmap,1,/a201_0000/smoother_server,1,/a201_0000/global_costmap/global_costmap,1,/a201_0000/smoother_server
Follow and YOLO family,/a201_0000/controller_manager/statistics/names,0.017,35 B/s,0.017 (VISUAL BRIDGE),35 B/s (VISUAL BRIDGE),"FOLLOW, YOLO, TRACKER, VISUAL BRIDGE, FULL, SUPPORT YOLO",pal_statistics_msgs/msg/StatisticsNames,1,/a201_0000/controller_manager,0,-,1,/a201_0000/controller_manager,0,-,1,/a201_0000/controller_manager,0,-,1,/a201_0000/controller_manager,0,-,1,/a201_0000/controller_manager,0,-,1,/a201_0000/controller_manager,0,-
Follow and YOLO family,/a201_0000/controller_manager/activity,0.133,19 B/s,0.133 (VISUAL BRIDGE),19 B/s (VISUAL BRIDGE),"FOLLOW, YOLO, TRACKER, VISUAL BRIDGE, FULL, SUPPORT YOLO",controller_manager_msgs/msg/ControllerManagerActivity,1,/a201_0000/controller_manager,0,-,1,/a201_0000/controller_manager,0,-,1,/a201_0000/controller_manager,0,-,1,/a201_0000/controller_manager,0,-,1,/a201_0000/controller_manager,0,-,1,/a201_0000/controller_manager,0,-
Follow and YOLO family,/a201_0000/route_graph,0.033,16 B/s,0.033 (FOLLOW),16 B/s (FOLLOW),"FOLLOW, YOLO, TRACKER, VISUAL BRIDGE, FULL, SUPPORT YOLO",visualization_msgs/msg/MarkerArray,1,/a201_0000/route_server,0,-,1,/a201_0000/route_server,0,-,1,/a201_0000/route_server,0,-,1,/a201_0000/route_server,0,-,1,/a201_0000/route_server,0,-,1,/a201_0000/route_server,0,-
YOLO family only,/a201_0000/navigate_to_pose/_action/status,0.200,13 B/s,0.200 (FULL),13 B/s (FULL),"TRACKER, VISUAL BRIDGE, FULL, SUPPORT YOLO",action_msgs/msg/GoalStatusArray,-,-,-,-,-,-,-,-,1,/a201_0000/bt_navigator,3,"/a201_0000/ugv_nav2_driver, /a201_0000/bt_navigator, +1",1,/a201_0000/bt_navigator,3,"/a201_0000/ugv_nav2_driver, /a201_0000/bt_navigator, +1",1,/a201_0000/bt_navigator,3,"/a201_0000/bt_navigator, /a201_0000/waypoint_follower, +1",1,/a201_0000/bt_navigator,3,"/a201_0000/bt_navigator, /a201_0000/waypoint_follower, +1"
Follow and YOLO family,/a201_0000/platform_velocity_controller/transition_event,0.100,6 B/s,0.100 (VISUAL BRIDGE),6 B/s (VISUAL BRIDGE),"FOLLOW, YOLO, TRACKER, VISUAL BRIDGE, FULL, SUPPORT YOLO",lifecycle_msgs/msg/TransitionEvent,1,/a201_0000/platform_velocity_controller,0,-,1,/a201_0000/platform_velocity_controller,0,-,1,/a201_0000/platform_velocity_controller,0,-,1,/a201_0000/platform_velocity_controller,0,-,1,/a201_0000/platform_velocity_controller,0,-,1,/a201_0000/platform_velocity_controller,0,-
Follow and YOLO family,/a201_0000/joint_state_broadcaster/transition_event,0.100,6 B/s,0.100 (VISUAL BRIDGE),6 B/s (VISUAL BRIDGE),"FOLLOW, YOLO, TRACKER, VISUAL BRIDGE, FULL, SUPPORT YOLO",lifecycle_msgs/msg/TransitionEvent,1,/a201_0000/joint_state_broadcaster,0,-,1,/a201_0000/joint_state_broadcaster,0,-,1,/a201_0000/joint_state_broadcaster,0,-,1,/a201_0000/joint_state_broadcaster,0,-,1,/a201_0000/joint_state_broadcaster,0,-,1,/a201_0000/joint_state_broadcaster,0,-
Follow and YOLO family,/a201_0000/twist_marker_server/update,0.017,5 B/s,0.017 (VISUAL BRIDGE),5 B/s (VISUAL BRIDGE),"FOLLOW, YOLO, TRACKER, VISUAL BRIDGE, FULL, SUPPORT YOLO",visualization_msgs/msg/InteractiveMarkerUpdate,2,/a201_0000/twist_server_node,0,-,2,/a201_0000/twist_server_node,0,-,2,/a201_0000/twist_server_node,0,-,2,/a201_0000/twist_server_node,0,-,2,/a201_0000/twist_server_node,0,-,2,/a201_0000/twist_server_node,0,-
Follow and YOLO family,/a201_0000/smoother_server/transition_event,0.067,4 B/s,0.067 (SUPPORT YOLO),4 B/s (SUPPORT YOLO),"FOLLOW, YOLO, TRACKER, VISUAL BRIDGE, FULL, SUPPORT YOLO",lifecycle_msgs/msg/TransitionEvent,1,/a201_0000/smoother_server,0,-,1,/a201_0000/smoother_server,0,-,1,/a201_0000/smoother_server,0,-,1,/a201_0000/smoother_server,0,-,1,/a201_0000/smoother_server,0,-,1,/a201_0000/smoother_server,0,-
Follow and YOLO family,/a201_0000/map_server/transition_event,0.067,4 B/s,0.067 (SUPPORT YOLO),4 B/s (SUPPORT YOLO),"FOLLOW, YOLO, TRACKER, VISUAL BRIDGE, FULL, SUPPORT YOLO",lifecycle_msgs/msg/TransitionEvent,1,-,0,-,1,/a201_0000/map_server,0,-,1,/a201_0000/map_server,0,-,1,/a201_0000/map_server,0,-,1,/a201_0000/map_server,0,-,1,/a201_0000/map_server,0,-
Follow and YOLO family,/a201_0000/local_costmap/local_costmap/transition_event,0.067,4 B/s,0.067 (VISUAL BRIDGE),4 B/s (VISUAL BRIDGE),"FOLLOW, YOLO, TRACKER, VISUAL BRIDGE, FULL, SUPPORT YOLO",lifecycle_msgs/msg/TransitionEvent,1,/a201_0000/local_costmap/local_costmap,0,-,1,/a201_0000/local_costmap/local_costmap,0,-,1,/a201_0000/local_costmap/local_costmap,0,-,1,/a201_0000/local_costmap/local_costmap,0,-,1,/a201_0000/local_costmap/local_costmap,0,-,1,/a201_0000/local_costmap/local_costmap,0,-
Follow and YOLO family,/a201_0000/global_costmap/global_costmap/transition_event,0.067,4 B/s,0.067 (SUPPORT YOLO),4 B/s (SUPPORT YOLO),"FOLLOW, YOLO, TRACKER, VISUAL BRIDGE, FULL, SUPPORT YOLO",lifecycle_msgs/msg/TransitionEvent,1,/a201_0000/global_costmap/global_costmap,0,-,1,-,0,-,1,/a201_0000/global_costmap/global_costmap,0,-,1,/a201_0000/global_costmap/global_costmap,0,-,1,/a201_0000/global_costmap/global_costmap,0,-,1,/a201_0000/global_costmap/global_costmap,0,-
Follow and YOLO family,/a201_0000/controller_server/transition_event,0.067,4 B/s,0.067 (VISUAL BRIDGE),4 B/s (VISUAL BRIDGE),"FOLLOW, YOLO, TRACKER, VISUAL BRIDGE, FULL, SUPPORT YOLO",lifecycle_msgs/msg/TransitionEvent,1,/a201_0000/controller_server,0,-,1,/a201_0000/controller_server,0,-,1,/a201_0000/controller_server,0,-,1,/a201_0000/controller_server,0,-,1,/a201_0000/controller_server,0,-,1,/a201_0000/controller_server,0,-
Follow and YOLO family,/a201_0000/amcl/transition_event,0.067,4 B/s,0.067 (VISUAL BRIDGE),4 B/s (VISUAL BRIDGE),"FOLLOW, YOLO, TRACKER, VISUAL BRIDGE, FULL, SUPPORT YOLO",lifecycle_msgs/msg/TransitionEvent,1,/a201_0000/amcl,0,-,1,/a201_0000/amcl,0,-,1,/a201_0000/amcl,0,-,1,/a201_0000/amcl,0,-,1,/a201_0000/amcl,0,-,1,/a201_0000/amcl,0,-
Follow and YOLO family,/a201_0000/waypoint_follower/transition_event,0.033,2 B/s,0.033 (VISUAL BRIDGE),2 B/s (VISUAL BRIDGE),"FOLLOW, YOLO, TRACKER, VISUAL BRIDGE, FULL, SUPPORT YOLO",lifecycle_msgs/msg/TransitionEvent,1,/a201_0000/waypoint_follower,0,-,1,/a201_0000/waypoint_follower,0,-,1,/a201_0000/waypoint_follower,0,-,1,/a201_0000/waypoint_follower,0,-,1,/a201_0000/waypoint_follower,0,-,1,/a201_0000/waypoint_follower,0,-
Follow and YOLO family,/a201_0000/velocity_smoother/transition_event,0.033,2 B/s,0.033 (VISUAL BRIDGE),2 B/s (VISUAL BRIDGE),"FOLLOW, YOLO, TRACKER, VISUAL BRIDGE, FULL, SUPPORT YOLO",lifecycle_msgs/msg/TransitionEvent,1,-,0,-,1,/a201_0000/velocity_smoother,0,-,1,/a201_0000/velocity_smoother,0,-,1,/a201_0000/velocity_smoother,0,-,1,/a201_0000/velocity_smoother,0,-,1,/a201_0000/velocity_smoother,0,-
Follow and YOLO family,/a201_0000/route_server/transition_event,0.033,2 B/s,0.033 (SUPPORT YOLO),2 B/s (SUPPORT YOLO),"FOLLOW, YOLO, TRACKER, VISUAL BRIDGE, FULL, SUPPORT YOLO",lifecycle_msgs/msg/TransitionEvent,1,/a201_0000/route_server,0,-,1,/a201_0000/route_server,0,-,1,/a201_0000/route_server,0,-,1,/a201_0000/route_server,0,-,1,/a201_0000/route_server,0,-,1,/a201_0000/route_server,0,-
Follow and YOLO family,/a201_0000/planner_server/transition_event,0.033,2 B/s,0.033 (SUPPORT YOLO),2 B/s (SUPPORT YOLO),"FOLLOW, YOLO, TRACKER, VISUAL BRIDGE, FULL, SUPPORT YOLO",lifecycle_msgs/msg/TransitionEvent,1,/a201_0000/planner_server,0,-,1,-,0,-,1,/a201_0000/planner_server,0,-,1,/a201_0000/planner_server,0,-,1,/a201_0000/planner_server,0,-,1,/a201_0000/planner_server,0,-
Follow and YOLO family,/a201_0000/bt_navigator/transition_event,0.033,2 B/s,0.033 (VISUAL BRIDGE),2 B/s (VISUAL BRIDGE),"FOLLOW, YOLO, TRACKER, VISUAL BRIDGE, FULL, SUPPORT YOLO",lifecycle_msgs/msg/TransitionEvent,1,/a201_0000/bt_navigator,0,-,1,-,0,-,1,/a201_0000/bt_navigator,0,-,1,/a201_0000/bt_navigator,0,-,1,/a201_0000/bt_navigator,0,-,1,/a201_0000/bt_navigator,0,-
Follow and YOLO family,/a201_0000/behavior_server/transition_event,0.033,2 B/s,0.033 (SUPPORT YOLO),2 B/s (SUPPORT YOLO),"FOLLOW, YOLO, TRACKER, VISUAL BRIDGE, FULL, SUPPORT YOLO",lifecycle_msgs/msg/TransitionEvent,1,/a201_0000/behavior_server,0,-,1,-,0,-,1,/a201_0000/behavior_server,0,-,1,/a201_0000/behavior_server,0,-,1,/a201_0000/behavior_server,0,-,1,/a201_0000/behavior_server,0,-
Silent topics,/trajectories,silent,silent,-,-,"FOLLOW, YOLO, TRACKER, VISUAL BRIDGE, FULL, SUPPORT YOLO",visualization_msgs/msg/MarkerArray,1,/a201_0000/controller_server,0,-,1,/a201_0000/controller_server,0,-,1,/a201_0000/controller_server,0,-,1,/a201_0000/controller_server,0,-,1,/a201_0000/controller_server,0,-,1,/a201_0000/controller_server,0,-
Silent topics,/model/dji0/joint/dji0_gimbal_joint/yaw/cmd_pos,silent,silent,-,-,FULL,std_msgs/msg/Float64,-,-,-,-,-,-,-,-,-,-,-,-,-,-,-,-,1,uav_simulator,0,-,-,-,-,-
Silent topics,/model/dji0/joint/dji0_gimbal_joint/pitch/cmd_pos,silent,silent,-,-,FULL,std_msgs/msg/Float64,-,-,-,-,-,-,-,-,-,-,-,-,-,-,-,-,1,uav_simulator,0,-,-,-,-,-
Silent topics,/events/write_split,silent,silent,-,-,FULL,rosbag2_interfaces/msg/WriteSplitEvent,-,-,-,-,-,-,-,-,-,-,-,-,-,-,-,-,1,rosbag2_recorder,0,-,-,-,-,-
Silent topics,/dji0/update_tilt,silent,silent,-,-,FULL,std_msgs/msg/Float64,-,-,-,-,-,-,-,-,-,-,-,-,-,-,-,-,0,-,1,uav_simulator,-,-,-,-
Silent topics,/dji0/update_pan,silent,silent,-,-,FULL,std_msgs/msg/Float64,-,-,-,-,-,-,-,-,-,-,-,-,-,-,-,-,0,-,1,uav_simulator,-,-,-,-
Silent topics,/dji0/follow/debug/leader_heading_source,silent,silent,-,-,"YOLO, TRACKER, VISUAL BRIDGE, FULL, SUPPORT YOLO",std_msgs/msg/String,-,-,-,-,0,-,1,leader_estimator,0,-,1,leader_estimator,0,-,1,leader_estimator,0,-,1,leader_estimator,0,-,1,leader_estimator
Silent topics,/dji0/follow/debug/leader_follow_yaw_rad,silent,silent,-,-,"YOLO, TRACKER, VISUAL BRIDGE, FULL, SUPPORT YOLO",std_msgs/msg/Float32,-,-,-,-,0,-,1,leader_estimator,0,-,1,leader_estimator,0,-,1,leader_estimator,0,-,1,leader_estimator,0,-,1,leader_estimator
Silent topics,/dji0/camera0/actual/world_yaw_rad,silent,silent,-,-,"YOLO, TRACKER, VISUAL BRIDGE, FULL, SUPPORT YOLO",std_msgs/msg/Float32,-,-,-,-,0,-,1,leader_estimator,0,-,1,leader_estimator,0,-,1,leader_estimator,0,-,1,leader_estimator,0,-,1,leader_estimator
Silent topics,/dji0/camera/actual/center_pose,silent,silent,-,-,"VISUAL BRIDGE, FULL",geometry_msgs/msg/PoseStamped,-,-,-,-,-,-,-,-,-,-,-,-,0,-,1,follow_point_generator,0,-,1,follow_point_generator,-,-,-,-
Silent topics,/coord/support/dji2/leader_detection_events,silent,silent,-,-,SUPPORT YOLO,std_msgs/msg/String,-,-,-,-,-,-,-,-,-,-,-,-,-,-,-,-,-,-,-,-,1,support_dji2_leader_detector,0,-
Silent topics,/coord/support/dji1/leader_detection_events,silent,silent,-,-,SUPPORT YOLO,std_msgs/msg/String,-,-,-,-,-,-,-,-,-,-,-,-,-,-,-,-,-,-,-,-,1,support_dji1_leader_detector,0,-
Silent topics,/coord/events,silent,silent,-,-,"YOLO, TRACKER, VISUAL BRIDGE, FULL, SUPPORT YOLO",std_msgs/msg/String,-,-,-,-,2,"leader_detector, leader_estimator",0,-,2,"leader_tracker, leader_estimator",0,-,2,"leader_tracker, leader_estimator",0,-,2,"leader_tracker, leader_estimator",1,rosbag2_recorder,2,"leader_detector, leader_estimator",0,-
Silent topics,/a201_0000/wait/_action/status,silent,silent,-,-,"TRACKER, VISUAL BRIDGE, FULL, SUPPORT YOLO",action_msgs/msg/GoalStatusArray,-,-,-,-,-,-,-,-,1,/a201_0000/behavior_server,2,"/a201_0000/bt_navigator_navigate_to_pose_rclcpp_node, /a201_0000/bt_navigator_navigate_through_poses_rclcpp_node",1,/a201_0000/behavior_server,2,"/a201_0000/bt_navigator_navigate_to_pose_rclcpp_node, /a201_0000/bt_navigator_navigate_through_poses_rclcpp_node",1,/a201_0000/behavior_server,2,"/a201_0000/bt_navigator_navigate_to_pose_rclcpp_node, /a201_0000/bt_navigator_navigate_through_poses_rclcpp_node",1,/a201_0000/behavior_server,2,"/a201_0000/bt_navigator_navigate_to_pose_rclcpp_node, /a201_0000/bt_navigator_navigate_through_poses_rclcpp_node"
Silent topics,/a201_0000/wait/_action/feedback,silent,silent,-,-,"TRACKER, VISUAL BRIDGE, FULL, SUPPORT YOLO",nav2_msgs/action/Wait_FeedbackMessage,-,-,-,-,-,-,-,-,1,/a201_0000/behavior_server,2,"/a201_0000/bt_navigator_navigate_to_pose_rclcpp_node, /a201_0000/bt_navigator_navigate_through_poses_rclcpp_node",1,/a201_0000/behavior_server,2,"/a201_0000/bt_navigator_navigate_to_pose_rclcpp_node, /a201_0000/bt_navigator_navigate_through_poses_rclcpp_node",1,/a201_0000/behavior_server,2,"/a201_0000/bt_navigator_navigate_to_pose_rclcpp_node, /a201_0000/bt_navigator_navigate_through_poses_rclcpp_node",1,/a201_0000/behavior_server,2,"/a201_0000/bt_navigator_navigate_to_pose_rclcpp_node, /a201_0000/bt_navigator_navigate_through_poses_rclcpp_node"
Silent topics,/a201_0000/twist_marker_server/feedback,silent,silent,-,-,"FOLLOW, YOLO, TRACKER, VISUAL BRIDGE, FULL, SUPPORT YOLO",visualization_msgs/msg/InteractiveMarkerFeedback,0,-,2,/a201_0000/twist_server_node,0,-,2,/a201_0000/twist_server_node,0,-,2,/a201_0000/twist_server_node,0,-,2,/a201_0000/twist_server_node,0,-,2,/a201_0000/twist_server_node,0,-,2,/a201_0000/twist_server_node
Silent topics,/a201_0000/twist_marker_server/cmd_vel,silent,silent,-,-,"FOLLOW, YOLO, TRACKER, VISUAL BRIDGE, FULL, SUPPORT YOLO",geometry_msgs/msg/TwistStamped,2,/a201_0000/twist_server_node,2,/a201_0000/twist_mux,2,/a201_0000/twist_server_node,2,/a201_0000/twist_mux,2,/a201_0000/twist_server_node,2,/a201_0000/twist_mux,2,/a201_0000/twist_server_node,2,/a201_0000/twist_mux,2,/a201_0000/twist_server_node,2,/a201_0000/twist_mux,2,/a201_0000/twist_server_node,2,/a201_0000/twist_mux
Silent topics,/a201_0000/transformed_global_plan,silent,silent,-,-,"FOLLOW, YOLO, TRACKER, VISUAL BRIDGE, FULL, SUPPORT YOLO",nav_msgs/msg/Path,1,/a201_0000/controller_server,0,-,1,/a201_0000/controller_server,0,-,1,/a201_0000/controller_server,0,-,1,/a201_0000/controller_server,0,-,1,/a201_0000/controller_server,0,-,1,/a201_0000/controller_server,0,-
Silent topics,/a201_0000/tf_static,silent,silent,-,-,"FOLLOW, YOLO",tf2_msgs/msg/TFMessage,3,"/a201_0000/robot_state_publisher, /a201_0000/camera_0_static_tf, /a201_0000/lidar3d_0_static_tf",8,"/a201_0000/transform_listener_impl_612c9f9b12e0, /a201_0000/smoother_server, /a201_0000/transform_listener_impl_5d3228b8e620, +6",3,"/a201_0000/robot_state_publisher, /a201_0000/camera_0_static_tf, /a201_0000/lidar3d_0_static_tf",8,"/a201_0000/transform_listener_impl_6073ba8e9c80, /a201_0000/transform_listener_impl_5bc9ab2d0e10, /a201_0000/smoother_server, +6",-,-,-,-,-,-,-,-,-,-,-,-,-,-,-,-
Silent topics,/a201_0000/spin/_action/status,silent,silent,-,-,"TRACKER, VISUAL BRIDGE, FULL, SUPPORT YOLO",action_msgs/msg/GoalStatusArray,-,-,-,-,-,-,-,-,1,/a201_0000/behavior_server,2,"/a201_0000/bt_navigator_navigate_to_pose_rclcpp_node, /a201_0000/bt_navigator_navigate_through_poses_rclcpp_node",1,/a201_0000/behavior_server,2,"/a201_0000/bt_navigator_navigate_to_pose_rclcpp_node, /a201_0000/bt_navigator_navigate_through_poses_rclcpp_node",1,/a201_0000/behavior_server,2,"/a201_0000/bt_navigator_navigate_to_pose_rclcpp_node, /a201_0000/bt_navigator_navigate_through_poses_rclcpp_node",1,/a201_0000/behavior_server,2,"/a201_0000/bt_navigator_navigate_to_pose_rclcpp_node, /a201_0000/bt_navigator_navigate_through_poses_rclcpp_node"
Silent topics,/a201_0000/spin/_action/feedback,silent,silent,-,-,"TRACKER, VISUAL BRIDGE, FULL, SUPPORT YOLO",nav2_msgs/action/Spin_FeedbackMessage,-,-,-,-,-,-,-,-,1,/a201_0000/behavior_server,2,"/a201_0000/bt_navigator_navigate_to_pose_rclcpp_node, /a201_0000/bt_navigator_navigate_through_poses_rclcpp_node",1,/a201_0000/behavior_server,2,"/a201_0000/bt_navigator_navigate_to_pose_rclcpp_node, /a201_0000/bt_navigator_navigate_through_poses_rclcpp_node",1,/a201_0000/behavior_server,2,"/a201_0000/bt_navigator_navigate_to_pose_rclcpp_node, /a201_0000/bt_navigator_navigate_through_poses_rclcpp_node",1,/a201_0000/behavior_server,2,"/a201_0000/bt_navigator_navigate_to_pose_rclcpp_node, /a201_0000/bt_navigator_navigate_through_poses_rclcpp_node"
Silent topics,/a201_0000/speed_limit,silent,silent,-,-,"FOLLOW, YOLO, TRACKER, VISUAL BRIDGE, FULL, SUPPORT YOLO",nav2_msgs/msg/SpeedLimit,1,/a201_0000/route_server,1,/a201_0000/controller_server,1,/a201_0000/route_server,1,/a201_0000/controller_server,1,/a201_0000/route_server,1,/a201_0000/controller_server,1,/a201_0000/route_server,1,/a201_0000/controller_server,1,/a201_0000/route_server,1,/a201_0000/controller_server,1,/a201_0000/route_server,1,/a201_0000/controller_server
Silent topics,/a201_0000/smooth_path/_action/status,silent,silent,-,-,"TRACKER, VISUAL BRIDGE, FULL, SUPPORT YOLO",action_msgs/msg/GoalStatusArray,-,-,-,-,-,-,-,-,1,/a201_0000/smoother_server,0,-,1,/a201_0000/smoother_server,0,-,1,/a201_0000/smoother_server,0,-,1,/a201_0000/smoother_server,0,-
Silent topics,/a201_0000/smooth_path/_action/feedback,silent,silent,-,-,"TRACKER, VISUAL BRIDGE, FULL, SUPPORT YOLO",nav2_msgs/action/SmoothPath_FeedbackMessage,-,-,-,-,-,-,-,-,1,/a201_0000/smoother_server,0,-,1,/a201_0000/smoother_server,0,-,1,/a201_0000/smoother_server,0,-,1,/a201_0000/smoother_server,0,-
Silent topics,/a201_0000/set_pose,silent,silent,-,-,"FOLLOW, YOLO, TRACKER, VISUAL BRIDGE, FULL, SUPPORT YOLO",geometry_msgs/msg/PoseWithCovarianceStamped,0,-,1,/a201_0000/ekf_node,0,-,1,/a201_0000/ekf_node,0,-,1,/a201_0000/ekf_node,0,-,1,/a201_0000/ekf_node,0,-,1,/a201_0000/ekf_node,0,-,1,/a201_0000/ekf_node
Silent topics,/a201_0000/robot_description,silent,silent,-,-,"FOLLOW, YOLO",std_msgs/msg/String,1,/a201_0000/robot_state_publisher,1,/a201_0000/controller_manager,1,/a201_0000/robot_state_publisher,1,/a201_0000/controller_manager,-,-,-,-,-,-,-,-,-,-,-,-,-,-,-,-
Silent topics,/a201_0000/rc_teleop/cmd_vel,silent,silent,-,-,"FOLLOW, YOLO",geometry_msgs/msg/TwistStamped,0,-,2,/a201_0000/twist_mux,0,-,2,/a201_0000/twist_mux,-,-,-,-,-,-,-,-,-,-,-,-,-,-,-,-
Silent topics,/a201_0000/platform/safety_stop,silent,silent,-,-,"FOLLOW, YOLO, TRACKER, VISUAL BRIDGE, FULL, SUPPORT YOLO",std_msgs/msg/Bool,0,-,2,/a201_0000/twist_mux,0,-,2,/a201_0000/twist_mux,0,-,2,/a201_0000/twist_mux,0,-,2,/a201_0000/twist_mux,0,-,2,/a201_0000/twist_mux,0,-,2,/a201_0000/twist_mux
Silent topics,/a201_0000/platform/emergency_stop,silent,silent,-,-,"FOLLOW, YOLO, TRACKER, VISUAL BRIDGE, FULL, SUPPORT YOLO",std_msgs/msg/Bool,0,-,2,/a201_0000/twist_mux,0,-,2,/a201_0000/twist_mux,0,-,2,/a201_0000/twist_mux,0,-,2,/a201_0000/twist_mux,0,-,2,/a201_0000/twist_mux,0,-,2,/a201_0000/twist_mux
Silent topics,/a201_0000/planner_selector,silent,silent,-,-,"FOLLOW, YOLO, TRACKER, VISUAL BRIDGE, FULL, SUPPORT YOLO",std_msgs/msg/String,0,-,2,"/a201_0000/bt_navigator_navigate_to_pose_rclcpp_node, /a201_0000/bt_navigator_navigate_through_poses_rclcpp_node",0,-,2,"/a201_0000/bt_navigator_navigate_to_pose_rclcpp_node, /a201_0000/bt_navigator_navigate_through_poses_rclcpp_node",0,-,2,"/a201_0000/bt_navigator_navigate_to_pose_rclcpp_node, /a201_0000/bt_navigator_navigate_through_poses_rclcpp_node",0,-,2,"/a201_0000/bt_navigator_navigate_to_pose_rclcpp_node, /a201_0000/bt_navigator_navigate_through_poses_rclcpp_node",0,-,2,"/a201_0000/bt_navigator_navigate_to_pose_rclcpp_node, /a201_0000/bt_navigator_navigate_through_poses_rclcpp_node",0,-,2,"/a201_0000/bt_navigator_navigate_to_pose_rclcpp_node, /a201_0000/bt_navigator_navigate_through_poses_rclcpp_node"
Silent topics,/a201_0000/plan_smoothed,silent,silent,-,-,"FOLLOW, YOLO, TRACKER, VISUAL BRIDGE, FULL, SUPPORT YOLO",nav_msgs/msg/Path,1,/a201_0000/smoother_server,0,-,1,/a201_0000/smoother_server,0,-,1,/a201_0000/smoother_server,0,-,1,/a201_0000/smoother_server,0,-,1,/a201_0000/smoother_server,0,-,1,/a201_0000/smoother_server,0,-
Silent topics,/a201_0000/optimal_trajectory,silent,silent,-,-,"FOLLOW, YOLO, TRACKER, VISUAL BRIDGE, FULL, SUPPORT YOLO",nav_msgs/msg/Path,1,/a201_0000/controller_server,0,-,1,/a201_0000/controller_server,0,-,1,/a201_0000/controller_server,0,-,1,/a201_0000/controller_server,0,-,1,/a201_0000/controller_server,0,-,1,/a201_0000/controller_server,0,-
Silent topics,/a201_0000/navigate_through_poses/_action/status,silent,silent,-,-,"TRACKER, VISUAL BRIDGE, FULL, SUPPORT YOLO",action_msgs/msg/GoalStatusArray,-,-,-,-,-,-,-,-,1,/a201_0000/bt_navigator,0,-,1,/a201_0000/bt_navigator,0,-,1,/a201_0000/bt_navigator,0,-,1,/a201_0000/bt_navigator,0,-
Silent topics,/a201_0000/navigate_through_poses/_action/feedback,silent,silent,-,-,"TRACKER, VISUAL BRIDGE, FULL, SUPPORT YOLO",nav2_msgs/action/NavigateThroughPoses_FeedbackMessage,-,-,-,-,-,-,-,-,1,/a201_0000/bt_navigator,0,-,1,/a201_0000/bt_navigator,0,-,1,/a201_0000/bt_navigator,0,-,1,/a201_0000/bt_navigator,0,-
Silent topics,/a201_0000/map_updates,silent,silent,-,-,"FOLLOW, YOLO, TRACKER, VISUAL BRIDGE, FULL, SUPPORT YOLO",map_msgs/msg/OccupancyGridUpdate,0,-,1,/a201_0000/global_costmap/global_costmap,0,-,1,/a201_0000/global_costmap/global_costmap,0,-,1,/a201_0000/global_costmap/global_costmap,0,-,1,/a201_0000/global_costmap/global_costmap,0,-,1,/a201_0000/global_costmap/global_costmap,0,-,1,/a201_0000/global_costmap/global_costmap
Silent topics,/a201_0000/map,silent,silent,-,-,"FOLLOW, YOLO, TRACKER, VISUAL BRIDGE, FULL, SUPPORT YOLO",nav_msgs/msg/OccupancyGrid,1,/a201_0000/map_server,2,"/a201_0000/global_costmap/global_costmap, /a201_0000/amcl",1,/a201_0000/map_server,2,"/a201_0000/global_costmap/global_costmap, /a201_0000/amcl",1,/a201_0000/map_server,2,"/a201_0000/amcl, /a201_0000/global_costmap/global_costmap",1,/a201_0000/map_server,2,"/a201_0000/amcl, /a201_0000/global_costmap/global_costmap",1,/a201_0000/map_server,2,"/a201_0000/amcl, /a201_0000/global_costmap/global_costmap",1,/a201_0000/map_server,2,"/a201_0000/global_costmap/global_costmap, /a201_0000/amcl"
Silent topics,/a201_0000/local_costmap/footprint,silent,silent,-,-,"FOLLOW, YOLO, TRACKER, VISUAL BRIDGE, FULL, SUPPORT YOLO",geometry_msgs/msg/Polygon,0,-,1,/a201_0000/local_costmap/local_costmap,0,-,1,/a201_0000/local_costmap/local_costmap,0,-,1,/a201_0000/local_costmap/local_costmap,0,-,1,/a201_0000/local_costmap/local_costmap,0,-,1,/a201_0000/local_costmap/local_costmap,0,-,1,/a201_0000/local_costmap/local_costmap
Silent topics,/a201_0000/joy_teleop/joy/set_feedback,silent,silent,-,-,"FOLLOW, YOLO",sensor_msgs/msg/JoyFeedbackArray,0,-,1,/a201_0000/joy_node,0,-,1,/a201_0000/joy_node,-,-,-,-,-,-,-,-,-,-,-,-,-,-,-,-
Silent topics,/a201_0000/joy_teleop/joy,silent,silent,-,-,"FOLLOW, YOLO",sensor_msgs/msg/Joy,1,/a201_0000/joy_node,1,/a201_0000/teleop_twist_joy_node,1,/a201_0000/joy_node,1,/a201_0000/teleop_twist_joy_node,-,-,-,-,-,-,-,-,-,-,-,-,-,-,-,-
Silent topics,/a201_0000/joy_teleop/cmd_vel,silent,silent,-,-,"FOLLOW, YOLO",geometry_msgs/msg/TwistStamped,1,/a201_0000/teleop_twist_joy_node,2,/a201_0000/twist_mux,1,/a201_0000/teleop_twist_joy_node,2,/a201_0000/twist_mux,-,-,-,-,-,-,-,-,-,-,-,-,-,-,-,-
Silent topics,/a201_0000/initialpose,silent,silent,-,-,"FOLLOW, YOLO, TRACKER, VISUAL BRIDGE, FULL, SUPPORT YOLO",geometry_msgs/msg/PoseWithCovarianceStamped,1,/a201_0000/ugv_nav2_driver,1,/a201_0000/amcl,1,/a201_0000/ugv_nav2_driver,1,/a201_0000/amcl,1,/a201_0000/ugv_nav2_driver,1,/a201_0000/amcl,1,/a201_0000/ugv_nav2_driver,1,/a201_0000/amcl,1,/a201_0000/ugv_nav2_driver,1,/a201_0000/amcl,1,/a201_0000/ugv_nav2_driver,1,/a201_0000/amcl
Silent topics,/a201_0000/goal_pose,silent,silent,-,-,"FOLLOW, YOLO, TRACKER, VISUAL BRIDGE, FULL, SUPPORT YOLO",geometry_msgs/msg/PoseStamped,0,-,1,/a201_0000/bt_navigator,0,-,1,-,0,-,1,/a201_0000/bt_navigator,0,-,1,/a201_0000/bt_navigator,0,-,1,/a201_0000/bt_navigator,0,-,1,/a201_0000/bt_navigator
Silent topics,/a201_0000/global_costmap/static_layer_updates,silent,silent,-,-,"FOLLOW, YOLO, TRACKER, VISUAL BRIDGE, FULL, SUPPORT YOLO",map_msgs/msg/OccupancyGridUpdate,1,/a201_0000/global_costmap/global_costmap,0,-,1,-,0,-,1,/a201_0000/global_costmap/global_costmap,0,-,1,/a201_0000/global_costmap/global_costmap,0,-,1,/a201_0000/global_costmap/global_costmap,0,-,1,/a201_0000/global_costmap/global_costmap,0,-
Silent topics,/a201_0000/global_costmap/static_layer_raw_updates,silent,silent,-,-,"FOLLOW, YOLO, TRACKER, VISUAL BRIDGE, FULL, SUPPORT YOLO",nav2_msgs/msg/CostmapUpdate,1,/a201_0000/global_costmap/global_costmap,0,-,1,-,0,-,1,/a201_0000/global_costmap/global_costmap,0,-,1,/a201_0000/global_costmap/global_costmap,0,-,1,/a201_0000/global_costmap/global_costmap,0,-,1,/a201_0000/global_costmap/global_costmap,0,-
Silent topics,/a201_0000/global_costmap/static_layer_raw,silent,silent,-,-,"FOLLOW, YOLO, TRACKER, VISUAL BRIDGE, FULL, SUPPORT YOLO",nav2_msgs/msg/Costmap,1,/a201_0000/global_costmap/global_costmap,0,-,1,-,0,-,1,/a201_0000/global_costmap/global_costmap,0,-,1,/a201_0000/global_costmap/global_costmap,0,-,1,/a201_0000/global_costmap/global_costmap,0,-,1,/a201_0000/global_costmap/global_costmap,0,-
Silent topics,/a201_0000/global_costmap/static_layer,silent,silent,-,-,"FOLLOW, YOLO, TRACKER, VISUAL BRIDGE, FULL, SUPPORT YOLO",nav_msgs/msg/OccupancyGrid,1,/a201_0000/global_costmap/global_costmap,0,-,1,-,0,-,1,/a201_0000/global_costmap/global_costmap,0,-,1,/a201_0000/global_costmap/global_costmap,0,-,1,/a201_0000/global_costmap/global_costmap,0,-,1,/a201_0000/global_costmap/global_costmap,0,-
Silent topics,/a201_0000/global_costmap/footprint,silent,silent,-,-,"FOLLOW, YOLO, TRACKER, VISUAL BRIDGE, FULL, SUPPORT YOLO",geometry_msgs/msg/Polygon,0,-,1,/a201_0000/global_costmap/global_costmap,0,-,1,/a201_0000/global_costmap/global_costmap,0,-,1,/a201_0000/global_costmap/global_costmap,0,-,1,/a201_0000/global_costmap/global_costmap,0,-,1,/a201_0000/global_costmap/global_costmap,0,-,1,/a201_0000/global_costmap/global_costmap
Silent topics,/a201_0000/global_costmap/costmap_updates,silent,silent,-,-,"FOLLOW, YOLO, TRACKER, VISUAL BRIDGE, FULL, SUPPORT YOLO",map_msgs/msg/OccupancyGridUpdate,1,/a201_0000/global_costmap/global_costmap,0,-,1,/a201_0000/global_costmap/global_costmap,0,-,1,/a201_0000/global_costmap/global_costmap,0,-,1,/a201_0000/global_costmap/global_costmap,0,-,1,/a201_0000/global_costmap/global_costmap,0,-,1,/a201_0000/global_costmap/global_costmap,0,-
Silent topics,/a201_0000/global_costmap/costmap_raw_updates,silent,silent,-,-,"FOLLOW, YOLO, TRACKER, VISUAL BRIDGE, FULL, SUPPORT YOLO",nav2_msgs/msg/CostmapUpdate,1,/a201_0000/global_costmap/global_costmap,2,"/a201_0000/smoother_server, /a201_0000/route_server",1,/a201_0000/global_costmap/global_costmap,2,"/a201_0000/smoother_server, /a201_0000/route_server",1,/a201_0000/global_costmap/global_costmap,2,"/a201_0000/smoother_server, /a201_0000/route_server",1,/a201_0000/global_costmap/global_costmap,2,"/a201_0000/smoother_server, /a201_0000/route_server",1,/a201_0000/global_costmap/global_costmap,2,"/a201_0000/smoother_server, /a201_0000/route_server",1,/a201_0000/global_costmap/global_costmap,2,"/a201_0000/smoother_server, /a201_0000/route_server"
Silent topics,/a201_0000/global_costmap/costmap_raw,silent,silent,-,-,"FOLLOW, YOLO, TRACKER, VISUAL BRIDGE, FULL, SUPPORT YOLO",nav2_msgs/msg/Costmap,1,/a201_0000/global_costmap/global_costmap,2,"/a201_0000/smoother_server, /a201_0000/route_server",1,/a201_0000/global_costmap/global_costmap,2,"/a201_0000/smoother_server, /a201_0000/route_server",1,/a201_0000/global_costmap/global_costmap,2,"/a201_0000/smoother_server, /a201_0000/route_server",1,/a201_0000/global_costmap/global_costmap,2,"/a201_0000/smoother_server, /a201_0000/route_server",1,/a201_0000/global_costmap/global_costmap,2,"/a201_0000/smoother_server, /a201_0000/route_server",1,/a201_0000/global_costmap/global_costmap,2,"/a201_0000/smoother_server, /a201_0000/route_server"
Silent topics,/a201_0000/global_costmap/costmap,silent,silent,-,-,"FOLLOW, YOLO, TRACKER, VISUAL BRIDGE, FULL, SUPPORT YOLO",nav_msgs/msg/OccupancyGrid,1,/a201_0000/global_costmap/global_costmap,0,-,1,/a201_0000/global_costmap/global_costmap,0,-,1,/a201_0000/global_costmap/global_costmap,0,-,1,/a201_0000/global_costmap/global_costmap,0,-,1,/a201_0000/global_costmap/global_costmap,0,-,1,/a201_0000/global_costmap/global_costmap,0,-
Silent topics,/a201_0000/follow_waypoints/_action/status,silent,silent,-,-,"TRACKER, VISUAL BRIDGE, FULL, SUPPORT YOLO",action_msgs/msg/GoalStatusArray,-,-,-,-,-,-,-,-,1,/a201_0000/waypoint_follower,0,-,1,/a201_0000/waypoint_follower,0,-,1,/a201_0000/waypoint_follower,0,-,1,/a201_0000/waypoint_follower,0,-
Silent topics,/a201_0000/follow_waypoints/_action/feedback,silent,silent,-,-,"TRACKER, VISUAL BRIDGE, FULL, SUPPORT YOLO",nav2_msgs/action/FollowWaypoints_FeedbackMessage,-,-,-,-,-,-,-,-,1,/a201_0000/waypoint_follower,0,-,1,/a201_0000/waypoint_follower,0,-,1,/a201_0000/waypoint_follower,0,-,1,/a201_0000/waypoint_follower,0,-
Silent topics,/a201_0000/follow_gps_waypoints/_action/status,silent,silent,-,-,"TRACKER, VISUAL BRIDGE, FULL, SUPPORT YOLO",action_msgs/msg/GoalStatusArray,-,-,-,-,-,-,-,-,1,/a201_0000/waypoint_follower,0,-,1,/a201_0000/waypoint_follower,0,-,1,/a201_0000/waypoint_follower,0,-,1,/a201_0000/waypoint_follower,0,-
Silent topics,/a201_0000/follow_gps_waypoints/_action/feedback,silent,silent,-,-,"TRACKER, VISUAL BRIDGE, FULL, SUPPORT YOLO",nav2_msgs/action/FollowGPSWaypoints_FeedbackMessage,-,-,-,-,-,-,-,-,1,/a201_0000/waypoint_follower,0,-,1,/a201_0000/waypoint_follower,0,-,1,/a201_0000/waypoint_follower,0,-,1,/a201_0000/waypoint_follower,0,-
Silent topics,/a201_0000/drive_on_heading/_action/status,silent,silent,-,-,"TRACKER, VISUAL BRIDGE, FULL, SUPPORT YOLO",action_msgs/msg/GoalStatusArray,-,-,-,-,-,-,-,-,1,/a201_0000/behavior_server,0,-,1,/a201_0000/behavior_server,0,-,1,/a201_0000/behavior_server,0,-,1,/a201_0000/behavior_server,0,-
Silent topics,/a201_0000/drive_on_heading/_action/feedback,silent,silent,-,-,"TRACKER, VISUAL BRIDGE, FULL, SUPPORT YOLO",nav2_msgs/action/DriveOnHeading_FeedbackMessage,-,-,-,-,-,-,-,-,1,/a201_0000/behavior_server,0,-,1,/a201_0000/behavior_server,0,-,1,/a201_0000/behavior_server,0,-,1,/a201_0000/behavior_server,0,-
Silent topics,/a201_0000/controller_selector,silent,silent,-,-,"FOLLOW, YOLO, TRACKER, VISUAL BRIDGE, FULL, SUPPORT YOLO",std_msgs/msg/String,0,-,2,"/a201_0000/bt_navigator_navigate_to_pose_rclcpp_node, /a201_0000/bt_navigator_navigate_through_poses_rclcpp_node",0,-,2,-,0,-,2,"/a201_0000/bt_navigator_navigate_to_pose_rclcpp_node, /a201_0000/bt_navigator_navigate_through_poses_rclcpp_node",0,-,2,"/a201_0000/bt_navigator_navigate_to_pose_rclcpp_node, /a201_0000/bt_navigator_navigate_through_poses_rclcpp_node",0,-,2,"/a201_0000/bt_navigator_navigate_to_pose_rclcpp_node, /a201_0000/bt_navigator_navigate_through_poses_rclcpp_node",0,-,2,"/a201_0000/bt_navigator_navigate_to_pose_rclcpp_node, /a201_0000/bt_navigator_navigate_through_poses_rclcpp_node"
Silent topics,/a201_0000/compute_route/_action/status,silent,silent,-,-,"TRACKER, VISUAL BRIDGE, FULL, SUPPORT YOLO",action_msgs/msg/GoalStatusArray,-,-,-,-,-,-,-,-,1,/a201_0000/route_server,0,-,1,/a201_0000/route_server,0,-,1,/a201_0000/route_server,0,-,1,/a201_0000/route_server,0,-
Silent topics,/a201_0000/compute_route/_action/feedback,silent,silent,-,-,"TRACKER, VISUAL BRIDGE, FULL, SUPPORT YOLO",nav2_msgs/action/ComputeRoute_FeedbackMessage,-,-,-,-,-,-,-,-,1,/a201_0000/route_server,0,-,1,/a201_0000/route_server,0,-,1,/a201_0000/route_server,0,-,1,/a201_0000/route_server,0,-
Silent topics,/a201_0000/compute_path_to_pose/_action/feedback,silent,silent,-,-,"TRACKER, VISUAL BRIDGE, FULL, SUPPORT YOLO",nav2_msgs/action/ComputePathToPose_FeedbackMessage,-,-,-,-,-,-,-,-,1,/a201_0000/planner_server,1,/a201_0000/bt_navigator_navigate_to_pose_rclcpp_node,1,/a201_0000/planner_server,1,/a201_0000/bt_navigator_navigate_to_pose_rclcpp_node,1,/a201_0000/planner_server,1,/a201_0000/bt_navigator_navigate_to_pose_rclcpp_node,1,/a201_0000/planner_server,1,/a201_0000/bt_navigator_navigate_to_pose_rclcpp_node
Silent topics,/a201_0000/compute_path_through_poses/_action/status,silent,silent,-,-,"TRACKER, VISUAL BRIDGE, FULL, SUPPORT YOLO",action_msgs/msg/GoalStatusArray,-,-,-,-,-,-,-,-,1,/a201_0000/planner_server,1,/a201_0000/bt_navigator_navigate_through_poses_rclcpp_node,1,/a201_0000/planner_server,1,/a201_0000/bt_navigator_navigate_through_poses_rclcpp_node,1,/a201_0000/planner_server,1,/a201_0000/bt_navigator_navigate_through_poses_rclcpp_node,1,/a201_0000/planner_server,1,/a201_0000/bt_navigator_navigate_through_poses_rclcpp_node
Silent topics,/a201_0000/compute_path_through_poses/_action/feedback,silent,silent,-,-,"TRACKER, VISUAL BRIDGE, FULL, SUPPORT YOLO",nav2_msgs/action/ComputePathThroughPoses_FeedbackMessage,-,-,-,-,-,-,-,-,1,/a201_0000/planner_server,1,/a201_0000/bt_navigator_navigate_through_poses_rclcpp_node,1,/a201_0000/planner_server,1,/a201_0000/bt_navigator_navigate_through_poses_rclcpp_node,1,/a201_0000/planner_server,1,/a201_0000/bt_navigator_navigate_through_poses_rclcpp_node,1,/a201_0000/planner_server,1,/a201_0000/bt_navigator_navigate_through_poses_rclcpp_node
Silent topics,/a201_0000/compute_and_track_route/_action/status,silent,silent,-,-,"TRACKER, VISUAL BRIDGE, FULL, SUPPORT YOLO",action_msgs/msg/GoalStatusArray,-,-,-,-,-,-,-,-,1,/a201_0000/route_server,0,-,1,/a201_0000/route_server,0,-,1,/a201_0000/route_server,0,-,1,/a201_0000/route_server,0,-
Silent topics,/a201_0000/compute_and_track_route/_action/feedback,silent,silent,-,-,"TRACKER, VISUAL BRIDGE, FULL, SUPPORT YOLO",nav2_msgs/action/ComputeAndTrackRoute_FeedbackMessage,-,-,-,-,-,-,-,-,1,/a201_0000/route_server,0,-,1,/a201_0000/route_server,0,-,1,/a201_0000/route_server,0,-,1,/a201_0000/route_server,0,-
Silent topics,/a201_0000/backup/_action/status,silent,silent,-,-,"TRACKER, VISUAL BRIDGE, FULL, SUPPORT YOLO",action_msgs/msg/GoalStatusArray,-,-,-,-,-,-,-,-,1,/a201_0000/behavior_server,2,"/a201_0000/bt_navigator_navigate_to_pose_rclcpp_node, /a201_0000/bt_navigator_navigate_through_poses_rclcpp_node",1,/a201_0000/behavior_server,2,"/a201_0000/bt_navigator_navigate_to_pose_rclcpp_node, /a201_0000/bt_navigator_navigate_through_poses_rclcpp_node",1,/a201_0000/behavior_server,2,"/a201_0000/bt_navigator_navigate_to_pose_rclcpp_node, /a201_0000/bt_navigator_navigate_through_poses_rclcpp_node",1,/a201_0000/behavior_server,2,"/a201_0000/bt_navigator_navigate_to_pose_rclcpp_node, /a201_0000/bt_navigator_navigate_through_poses_rclcpp_node"
Silent topics,/a201_0000/backup/_action/feedback,silent,silent,-,-,"TRACKER, VISUAL BRIDGE, FULL, SUPPORT YOLO",nav2_msgs/action/BackUp_FeedbackMessage,-,-,-,-,-,-,-,-,1,/a201_0000/behavior_server,2,"/a201_0000/bt_navigator_navigate_to_pose_rclcpp_node, /a201_0000/bt_navigator_navigate_through_poses_rclcpp_node",1,/a201_0000/behavior_server,2,"/a201_0000/bt_navigator_navigate_to_pose_rclcpp_node, /a201_0000/bt_navigator_navigate_through_poses_rclcpp_node",1,/a201_0000/behavior_server,2,"/a201_0000/bt_navigator_navigate_to_pose_rclcpp_node, /a201_0000/bt_navigator_navigate_through_poses_rclcpp_node",1,/a201_0000/behavior_server,2,"/a201_0000/bt_navigator_navigate_to_pose_rclcpp_node, /a201_0000/bt_navigator_navigate_through_poses_rclcpp_node"
